Date,Value,BCHAIN-MKPRU_nextday_predict,usd,usd_nextday_predict
2010/11/16,614.77,678.6515503,1253.45,0
2010/12/16,635.01,678.9111328,1256.5,0
10/13/16,635.96,683.8376465,1261.05,0
10/14/16,634.02,689.5493164,1251.75,0
10/15/16,637.94,693.6252441,0,0
10/16/16,641.42,697.0879517,0,0
10/17/16,638.97,700.3795166,1254.8,0
10/18/16,636.29,702.204834,1258.2,0
10/19/16,629.25,702.3793945,1269.05,0
10/20/16,627.72,700.1536865,1271.65,0
10/21/16,631.92,697.2162476,1266.05,0
10/22/16,655.48,695.8076782,0,0
10/23/16,653.25,701.2275391,0,0
10/24/16,651.39,707.2734375,1265.55,1271.839233
10/25/16,655.31,711.5319824,1269.4,1271.243164
10/26/16,651.45,715.0658569,1270.5,1271.236328
10/27/16,682.22,716.5148315,1266.25,1271.691284
10/28/16,687.68,724.5814209,1273,1270.678833
10/29/16,685.91,734.5319824,0,0
10/30/16,698,742.2440186,0,0
10/31/16,702,750.2880249,1272,1271.746338
2011/1/16,697.01,757.5402222,1288.45,1272.852783
2011/2/16,733.33,761.4847412,1303.75,1279.238892
2011/3/16,686.17,772.4179688,1301,1290.696899
2011/4/16,683.69,771.4356079,1302.8,1299.151245
2011/5/16,704.79,765.6012573,0,0
2011/6/16,712,764.8486328,0,0
2011/7/16,709.96,768.0134277,1283.05,1304.160767
2011/8/16,708.97,771.2709351,1282.35,1298.983887
2011/9/16,720.93,773.4636841,1281.4,1291.686646
2011/10/16,721.5,777.7224731,1267.5,1285.733765
2011/11/16,715.45,781.8361816,1236.45,1277.584595
2011/12/16,703.71,783.3259888,0,0
11/13/16,702.28,780.5058594,0,0
11/14/16,706.46,776.4308472,1213.6,1261.248657
11/15/16,710.91,773.9659424,1226.95,1240.538086
11/16/16,711.73,773.8098145,1229.2,1229.5979
11/17/16,736.96,774.7124023,1226.75,1226.507202
11/18/16,747.52,782.1018066,1211,1226.841797
11/19/16,748.98,792.7191772,0,0
11/20/16,729.06,802.2254639,0,0
11/21/16,738.53,803.9397583,1214.25,1223.711914
11/22/16,736.97,804.7677612,1212.25,1221.383301
11/23/16,741.63,804.7575684,1185.35,1219.406982
11/24/16,737.45,805.6279907,1186.1,1209.942383
11/25/16,735.64,805.5739136,1187.7,1200.762573
11/26/16,733.67,804.7293091,0,0
11/27/16,727.96,803.3186035,0,0
11/28/16,727.31,800.6037598,1187,1194.784302
11/29/16,732.71,797.9008179,1186.55,1191.535889
11/30/16,742.69,797.2247314,1178.1,1190.157715
2012/1/16,742.05,799.9589844,1161.85,1187.455811
2012/2/16,772.43,803.081604,1173.5,1180.364014
2012/3/16,764.33,813.2084351,0,0
2012/4/16,762.97,821.3761597,0,0
2012/5/16,754.63,826.407959,1162.2,1176.886719
2012/6/16,756.62,826.9783936,1172.5,1172.56958
2012/7/16,758.99,826.3052979,1177.65,1172.026855
2012/8/16,769.72,825.9903564,1171.05,1174.562988
2012/9/16,770.02,828.6141968,1163.6,1175.741211
2012/10/16,769.08,831.7614746,0,0
2012/11/16,777,834.0687256,0,0
2012/12/16,777,837.5001221,1156.1,1173.90686
12/13/16,777.99,840.5119019,1158.55,1169.241455
12/14/16,774.89,842.8672485,1162.25,1165.389282
12/15/16,776.75,843.6234741,1126.95,1163.910156
12/16/16,775.88,844.0769653,1131.6,1154.152832
12/17/16,788.7,844.0984497,0,0
12/18/16,788.4,847.1957397,0,0
12/19/16,788.67,850.5892944,1136.25,1145.135254
12/20/16,793.09,853.2910767,1125.7,1140.085449
12/21/16,824.21,856.1825562,1133.65,1135.274536
12/22/16,834.97,866.3111572,1131.35,1133.948242
12/23/16,901.31,879.3427734,0,0
12/24/16,891.61,906.9869995,0,0
12/25/16,892.6,930.7686157,0,0
12/26/16,897.33,947.427002,0,0
12/27/16,930.37,958.6629028,0,0
12/28/16,930.34,973.6484375,1134.6,1133.857178
12/29/16,963.38,986.4165649,1145.9,1135.168945
12/30/16,952.15,1003.641235,0,0
12/31/16,958.12,1015.473328,0,0
2001/1/17,997.72,1023.924744,0,0
2001/2/17,1015.97,1039.220703,0,0
2001/3/17,1013.42,1057.940063,1151,1139.677368
2001/4/17,1126.76,1072.584229,1164.25,1145.674072
2001/5/17,994.67,1111.025391,1176.7,1154.218506
2001/6/17,999.65,1114.963867,1175.85,1164.890747
2001/7/17,896.83,1106.394409,0,0
2001/8/17,908.14,1069.478638,0,0
2001/9/17,910.49,1034.305298,1178.5,1173.186401
2001/10/17,906.05,1009.21814,1189.5,1178.775635
2001/11/17,785.22,992.7328491,1178.55,1184.664063
2001/12/17,780.92,952.5489502,1205.05,1185.679199
1/13/17,826.29,912.2869873,1190.35,1192.052124
1/14/17,817.91,893.4257202,0,0
1/15/17,819.55,884.7191772,0,0
1/16/17,830.5,881.914978,1203,1194.307373
1/17/17,903.84,884.5133057,1216.05,1197.99707
1/18/17,906.6,906.883606,1214.75,1205.03125
1/19/17,895.798875,931.6350098,1196.05,1210.911743
1/20/17,893.6210875,948.2445679,1200.55,1208.916504
1/21/17,895.64,957.2670898,0,0
1/22/17,918.603625,961.9623413,0,0
1/23/17,922.0736125,969.9379272,1212.85,1205.867188
1/24/17,919.97,978.1911621,1216.8,1207.008301
1/25/17,893.045625,984.0750732,1195,1210.658936
1/26/17,915.95625,980.9175415,1189.7,1207.668335
1/27/17,915.05,981.1730347,1184.85,1201.583496
1/28/17,920.31225,982.5405273,0,0
1/29/17,915.933,985.3363647,0,0
1/30/17,912.19,986.8728638,1192.8,1194.770752
1/31/17,964.706075,986.6216431,1212.8,1192.106567
2002/1/17,979.703875,999.149353,1203.65,1197.807861
2002/2/17,983.42,1017.104614,1221.95,1202.516724
2002/3/17,1013.027,1033.445801,1215.2,1211.059204
2002/4/17,1030.999413,1052.692993,0,0
2002/5/17,1034.07,1072.838379,0,0
2002/6/17,1024.01375,1089.130005,1226.75,1216.474243
2002/7/17,1050.11,1097.428101,1231,1222.528931
2002/8/17,1052.84,1107.501709,1242.1,1228.169189
2002/9/17,976.103,1116.533936,1236.8,1235.277832
2002/10/17,999.1035,1103.364014,1228.3,1238.908081
2002/11/17,997.59,1091.238281,0,0
2002/12/17,1000.604625,1082.298462,0,0
2/13/17,999.877375,1077.450439,1222.25,1237.261963
2/14/17,1001.2,1075.02124,1230.75,1232.162964
2/15/17,1012.325988,1074.31189,1224.4,1230.022095
2/16/17,1035.208125,1077.150513,1240.55,1227.672363
2/17/17,1035.2,1086.34436,1241.95,1231.177368
2/18/17,1056.637138,1095.481689,0,0
2/19/17,1052.779286,1107.705688,0,0
2/20/17,1050.87,1117.019531,1237.3,1236.344604
2/21/17,1123.788429,1122.43689,1233.2,1239.159546
2/22/17,1123.223188,1143.769897,1236.65,1238.940918
2/23/17,1130.01,1165.53125,1247.9,1238.748535
2/24/17,1174.86625,1183.685425,1253.65,1242.186157
2/25/17,1150.605714,1207.568359,0,0
2/26/17,1150.37,1221.47522,0,0
2/27/17,1190.75195,1228.244263,1257.2,1247.744629
2/28/17,1187.565286,1241.244751,1255.6,1253.492554
2003/1/17,1190.89,1252.556152,1240.4,1256.903442
2003/2/17,1259.410817,1261.274658,1238.1,1253.288452
2003/3/17,1285.14,1284.55127,1226.5,1247.497925
2003/4/17,1287,1313.975342,0,0
2003/5/17,1270.9333,1338.668823,0,0
2003/6/17,1275.197375,1351.322144,1230.95,1239.018066
2003/7/17,1279.5,1357.612793,1216.65,1233.764038
2003/8/17,1157.3933,1361.234863,1209.2,1226.950562
2003/9/17,1192.469143,1331.551025,1206.55,1219.605469
2003/10/17,1192.09,1306.298706,1202.65,1213.688965
2003/11/17,1179.159875,1289.034668,0,0
2003/12/17,1227.494625,1275.4729,0,0
3/13/17,1227.68,1278.888306,1204.2,1209.073853
3/14/17,1245.370786,1287.491089,1204.6,1206.940796
3/15/17,1257.399625,1300.124268,1198.8,1206.599243
3/16/17,1257,1314.022217,1229.35,1205.36792
3/17/17,1091.171888,1324.69458,1229.6,1213.388916
3/18/17,952.2323625,1288.789917,0,0
3/19/17,967.69,1209.405273,0,0
3/20/17,1049.084488,1138.387207,1232.4,1222.671631
3/21/17,1118.630043,1109.027466,1241.6,1230.458862
3/22/17,1113,1119.620728,1249.05,1238.008545
3/23/17,1038.789,1140.24231,1247.5,1245.264648
3/24/17,941.9197143,1140.012085,1247.5,1249.378296
3/25/17,927.93,1107.347534,0,0
3/26/17,956.7863125,1067.55127,0,0
3/27/17,1037.22925,1042.582275,1257.55,1250.781494
3/28/17,1041.04,1049.68811,1257.25,1253.818726
3/29/17,1040.5755,1067.595093,1251.1,1256.250854
3/30/17,1037.90455,1084.668091,1248.8,1255.615479
3/31/17,1034.74,1096.509766,1244.85,1253.314941
2004/1/17,1086.929571,1102.799194,0,0
2004/2/17,1099.169125,1118.999268,0,0
2004/3/17,1079.99,1138.102417,1247.25,1249.89563
2004/4/17,1141.600363,1148.670898,1257.65,1248.04187
2004/5/17,1133.079314,1169.404785,1245.8,1250.851196
2004/6/17,1133.53,1186.741455,1252.5,1250.723511
2004/7/17,1190.45425,1198.701416,1266.45,1251.890259
2004/8/17,1181.149838,1220.475708,0,0
2004/9/17,1184.03,1238.196167,0,0
2004/10/17,1207.744875,1250.789551,1250.05,1257.769287
2004/11/17,1226.617038,1264.603149,1252.9,1258.087769
2004/12/17,1219.09,1280.391113,1274.3,1257.247314
4/13/17,1180.023713,1291.062622,1284.15,1263.264648
4/14/17,1185.260057,1287.196899,0,0
4/15/17,1170.36,1280.437012,0,0
4/16/17,1186.927413,1270.585571,0,0
4/17/17,1205.634875,1266.274902,0,0
4/18/17,1176.97,1269.803833,1278.95,1273.113892
4/19/17,1217.930088,1267.820068,1279.05,1279.355957
4/20/17,1241.686325,1274.734863,1282.1,1282.144043
4/21/17,1236.63,1289.23645,1281.85,1283.622681
4/22/17,1261.311225,1301.421631,0,0
4/23/17,1257.988113,1315.962036,0,0
4/24/17,1240.84,1326.845337,1269.4,1283.893677
4/25/17,1279.414688,1329.235352,1267.8,1279.292114
4/26/17,1309.109875,1337.925903,1261.85,1274.010498
4/27/17,1288.02,1354.46167,1262.8,1268.303589
4/28/17,1331.294429,1364.216064,1266.45,1264.819702
4/29/17,1334.979038,1380.214844,0,0
4/30/17,1333,1395.498169,0,0
2005/1/17,1417.172813,1406.158203,0,0
2005/2/17,1452.076288,1434.292969,1255.45,1264.671997
2005/3/17,1447.55,1470.790771,1250.3,1262.278687
2005/4/17,1508.292125,1499.881226,1228.45,1258.348267
2005/5/17,1533.335071,1534.781372,1228.05,1248.115356
2005/6/17,1518.75,1569.621216,0,0
2005/7/17,1535.868429,1591.894531,0,0
2005/8/17,1640.619225,1608.588135,1229.8,1238.967773
2005/9/17,1651.1,1646.526245,1220.4,1233.730591
2005/10/17,1762.88625,1685.332153,1222.95,1228.723999
2005/11/17,1820.990563,1743.818115,1223.15,1226.304932
2005/12/17,1829,1809.86145,1231.25,1225.723755
5/13/17,1771.920013,1863.899414,0,0
5/14/17,1776.3165,1884.92334,0,0
5/15/17,1780,1890.184692,1233.3,1228.583496
5/16/17,1739.031975,1889.71167,1234.2,1232.495605
5/17/17,1807.485063,1876.629639,1257.4,1235.828247
5/18/17,1783.98,1880.427124,1255.9,1245.202026
5/19/17,1961.520488,1883.011353,1252,1253.276978
5/20/17,2052.909788,1931.099609,0,0
5/21/17,2008.84,2007.116821,0,0
5/22/17,2090.662313,2061.557373,1258.85,1256.84314
5/23/17,2287.710288,2115.946533,1260.2,1259.604858
5/24/17,2256.32,2208.915771,1252.55,1261.374634
5/25/17,2387.206286,2283.158936,1256.95,1259.513428
5/26/17,2211.976857,2366.64624,1265.05,1258.324097
5/27/17,2279.82,2384.90332,0,0
5/28/17,2192.9808,2394.019287,0,0
5/29/17,2275.9307,2374.634521,0,0
5/30/17,2290.02,2372.702148,1262.7,1260.402344
5/31/17,2285.933914,2381.167725,1266.2,1262.244751
2006/1/17,2399.242671,2389.800049,1264.85,1264.648926
2006/2/17,2409.93,2426.530029,1274.95,1266.057495
2006/3/17,2525.765158,2466.161621,0,0
2006/4/17,2516.173143,2527.46582,0,0
2006/5/17,2529.53,2577.529053,1279.95,1270.068604
2006/6/17,2883.313697,2614.023438,1293.5,1275.392456
2006/7/17,2664.920863,2732.354492,1291,1284.07666
2006/8/17,2683.03,2788.372314,1273.1,1290.153198
2006/9/17,2827.4913,2812.99707,1266.55,1286.931641
2006/10/17,2845.372857,2860.086914,0,0
2006/11/17,2898.63,2907.419189,0,0
2006/12/17,2657.675063,2956.937256,1266.4,1279.19397
6/13/17,2748.185086,2928.024658,1262,1272.372314
6/14/17,2706,2905.007324,1275.5,1266.723389
6/15/17,2442.48025,2878.539795,1254.55,1268.078613
6/16/17,2464.959814,2785.76123,1255.4,1264.634766
6/17/17,2477.94,2700.988525,0,0
6/18/17,2507.389252,2644.474365,0,0
6/19/17,2617.210263,2619.945068,1248.15,1261.162109
6/20/17,2600,2642.059082,1242.2,1256.509644
6/21/17,2671.04325,2669.187988,1242.5,1251.119507
6/22/17,2727.288013,2709.797607,1250.8,1247.396851
6/23/17,2713.48,2759.43335,1255.7,1248.227783
6/24/17,2589.164888,2795.104248,0,0
6/25/17,2512.366286,2782.616699,0,0
6/26/17,2502.03,2736.131348,1245.25,1252.119507
6/27/17,2517.903114,2687.703125,1249.55,1252.523071
6/28/17,2585.349186,2655.743896,1248,1252.909912
6/29/17,2558.3,2656.162109,1243.5,1252.548584
6/30/17,2477.641375,2660.187988,1242.25,1250.478271
2007/1/17,2501.191343,2642.441162,0,0
2007/2/17,2421.26,2628.30249,0,0
2007/3/17,2561.225429,2597.42749,1229.25,1247.979248
2007/4/17,2599.729838,2606.780762,1223.75,1241.892334
2007/5/17,2598.89,2637.906494,1220.3,1234.720215
2007/6/17,2609.96775,2668.018555,1224.9,1228.363037
2007/7/17,2491.201214,2692.950195,1215.65,1225.795532
2007/8/17,2502.86,2677.28125,0,0
2007/9/17,2536.238938,2655.135742,0,0
2007/10/17,2366.170143,2645.828125,1211.9,1222.641968
2007/11/17,2327.09,2597.311035,1211.05,1219.206299
2007/12/17,2385.748571,2537.608643,1218.8,1216.516357
7/13/17,2354.783417,2505.582275,1218.9,1217.326416
7/14/17,2338.49,2483.039551,1230.3,1219.258179
7/15/17,2058.9956,2465.07373,0,0
7/16/17,1931.2143,2378.030762,0,0
7/17/17,1910.96,2255.69751,1234.1,1224.556152
7/18/17,2320.12225,2147.602295,1240.75,1230.660156
7/19/17,2264.7657,2181.145508,1242.15,1237.207886
7/20/17,2265.21,2240.411865,1238.7,1242.187744
7/21/17,2682.195363,2292.840088,1248.55,1243.731079
7/22/17,2807.609857,2441.439453,0,0
7/23/17,2825.51,2619.356201,0,0
7/24/17,2751.821029,2765.900635,1255.55,1246.498413
7/25/17,2560.997917,2843.312744,1254.4,1250.952881
7/26/17,2564.3,2825.086182,1248.1,1254.145508
7/27/17,2647.625,2780.765381,1261.1,1253.718506
7/28/17,2781.636583,2762.657227,1264.9,1256.32666
7/29/17,2784.8,2795.25415,0,0
7/30/17,2745.955417,2837.731201,0,0
7/31/17,2866.431667,2861.876221,1267.55,1260.410889
2008/1/17,2862.9,2906.473877,1270.95,1264.620239
2008/2/17,2693.633983,2945.266846,1269.6,1268.648804
2008/3/17,2794.117717,2925.273193,1268.1,1270.81189
2008/4/17,2790,2918.071777,1257.7,1271.051514
2008/5/17,3218.115017,2915.869385,0,0
2008/6/17,3252.562533,3033.412842,0,0
2008/7/17,3210.2,3170.080566,1258,1266.997925
2008/8/17,3457.374333,3264.906982,1261.8,1262.887451
2008/9/17,3357.326317,3389.122314,1271.05,1261.410156
2008/10/17,3340.28,3461.979492,1284.4,1264.550293
2008/11/17,3632.506667,3493.314941,1286.1,1272.967529
2008/12/17,3852.802914,3584.526123,0,0
8/13/17,3868.52,3733.424561,0,0
8/14/17,4282.992,3865.876709,1282.3,1281.220947
8/15/17,4217.028329,4075.370361,1270.3,1285.362671
8/16/17,4179.97,4234.242188,1272.75,1282.387817
8/17/17,4328.725717,4322.23877,1285.15,1278.609253
8/18/17,4130.440067,4405.966797,1295.8,1279.939941
8/19/17,4104.71,4407.480469,0,0
8/20/17,4157.958033,4374.768555,0,0
8/21/17,4043.722,4355.370117,1292.9,1286.313232
8/22/17,3986.28,4312.273926,1284.2,1291.407227
8/23/17,4174.95,4256.677246,1286.65,1291.315063
8/24/17,4340.316717,4266.251465,1289,1290.242798
8/25/17,4331.77,4341.173828,1285.3,1289.939331
8/26/17,4360.513317,4413.389648,0,0
8/27/17,4354.308333,4472.505371,0,0
8/28/17,4339.05,4508.477051,0,0
8/29/17,4607.98545,4521.916016,1318.65,1288.717773
8/30/17,4594.98785,4602.318848,1308.5,1299.340576
8/31/17,4582.52,4677.414551,1311.75,1306.948608
2009/1/17,4911.740017,4726.092773,1320.4,1312.084717
2009/2/17,4580.38748,4849.419434,0,0
2009/3/17,4585.57,4863.698242,0,0
2009/4/17,4344.098317,4841.379395,1333.1,1317.537231
2009/5/17,4488.72014,4742.523438,1335.55,1325.643311
2009/6/17,4385.02,4689.77832,1337.85,1332.530029
2009/7/17,4654.6585,4635.474121,1343.5,1337.223633
2009/8/17,4310.750183,4674.88623,1346.25,1341.406128
2009/9/17,4312.26,4631.745117,0,0
2009/10/17,4329.955,4575.228516,0,0
2009/11/17,4248.090017,4534.827148,1334.2,1344.764648
2009/12/17,4198.59,4486.472656,1326.5,1341.952515
9/13/17,3961.271267,4434.390137,1327.55,1335.239868
9/14/17,3319.63,4326.59082,1324.55,1330.169067
9/15/17,3216.43,4046.59668,1322.85,1326.556763
9/16/17,3763.62604,3760.608398,0,0
9/17/17,3746.060783,3704.868164,0,0
9/18/17,3678.53,3733.200684,1312.1,1324.409546
9/19/17,3943.413333,3762.242432,1309.6,1319.876953
9/20/17,3977.561667,3858.901367,1311.3,1315.543091
9/21/17,3894.48,3960.880615,1292.1,1313.625122
9/22/17,3637.50255,4012.924561,1294.8,1306.457764
9/23/17,3776.3869,3961.178955,0,0
9/24/17,3777.62,3930.052002,0,0
9/25/17,3942.555,3914.75415,1293.3,1301.19812
9/26/17,3910.307383,3956.480225,1300.05,1297.94812
9/27/17,3881,3996.761475,1282.55,1299.006348
9/28/17,4201.98905,4017.835449,1283.35,1295.097656
9/29/17,4193.574667,4119.493652,1283.1,1291.179443
9/30/17,4164.27,4217.365723,0,0
2010/1/17,4360.722967,4279.080566,0,0
2010/2/17,4386.88375,4369.30127,1273.7,1288.449341
2010/3/17,4394.07,4451.449707,1271.25,1283.796021
2010/4/17,4225.175,4510.645996,1274.25,1279.232422
2010/5/17,4338.852,4497.0625,1274.5,1277.249023
2010/6/17,4318.58,4497.400879,1261.8,1276.92749
2010/7/17,4376.191667,4496.083008,0,0
2010/8/17,4602.280883,4511.555176,0,0
2010/9/17,4605.66,4593.95459,1278.75,1273.017944
2010/10/17,4782.28,4675.682617,1291.4,1274.893799
2010/11/17,4819.485767,4786.273438,1289.25,1282.460693
2010/12/17,4822.17,4885.73877,1290.25,1288.802246
10/13/17,5563.806567,4954.306641,1299.6,1292.825439
10/14/17,5739.438733,5214.222656,0,0
10/15/17,5825.99,5513.854492,0,0
10/16/17,5711.205867,5767.331543,1303.3,1297.720093
10/17/17,5603.71294,5898.261719,1284.75,1302.313965
10/18/17,5594.66,5920.233398,1280.2,1298.453369
10/19/17,5727.6335,5899.336914,1286.4,1291.286987
10/20/17,5979.45984,5911.79248,1281.2,1287.497803
10/21/17,5986.44,6007.75,0,0
10/22/17,5983.18455,6103.264648,0,0
10/23/17,5876.079867,6169.84668,1274.9,1284.395874
10/24/17,5900.59,6174.538086,1276.45,1280.593994
10/25/17,5669.622533,6165.987793,1275,1278.540527
10/26/17,5893.138417,6083.554688,1273.75,1277.436157
10/27/17,5889.82,6071.35498,1266.45,1276.750122
10/28/17,5776.69695,6081.317383,0,0
10/29/17,6155.43402,6059.818848,0,0
10/30/17,6136.49,6151.495605,1272,1274.054443
10/31/17,6388.645167,6243.269043,1270.15,1273.48938
2011/1/17,6665.306683,6386.534668,1277.05,1273.241089
2011/2/17,6751.98,6588.861328,1279.2,1275.549438
2011/3/17,7197.72006,6775.794922,1267.2,1278.716064
2011/4/17,7437.543317,7043.842285,0,0
2011/5/17,7365.99,7331.855957,0,0
2011/6/17,6989.071667,7515.450684,1270.9,1277.001587
2011/7/17,7092.127233,7490.471191,1275.6,1275.329834
2011/8/17,7128.64,7446.243164,1284,1275.713989
2011/9/17,7158.03706,7420.225586,1284.8,1279.527832
2011/10/17,6719.39785,7416.830566,1284.3,1283.552124
2011/11/17,6569.22,7279.792969,0,0
2011/12/17,5716.301583,7099.117676,0,0
11/13/17,6550.227533,6689.713379,1277.95,1286.104492
11/14/17,6493.63,6600.827148,1274.6,1285.003296
11/15/17,7301.42992,6609.630371,1282.2,1281.755981
11/16/17,7815.0307,6901.799805,1280,1281.396729
11/17/17,7868.77,7355.418945,1284.35,1281.404907
11/18/17,7817.140383,7738.018555,0,0
11/19/17,8007.654067,7965.040527,0,0
11/20/17,8049.72,8137.93457,1286.2,1283.104736
11/21/17,8059.8,8253.334961,1283.3,1285.504517
11/22/17,8268.035,8319.31543,1286.95,1286.366943
11/23/17,8236.72,8420.328125,1290.35,1287.661377
11/24/17,8250.978333,8488.960938,1290.5,1289.812988
11/25/17,8707.407267,8532.666016,0,0
11/26/17,8768.8,8709.335938,0,0
11/27/17,9718.29505,8886.902344,1294.9,1291.55957
11/28/17,9952.50882,9334.046875,1291.85,1294.080078
11/29/17,9919,9792.758789,1283.85,1294.895752
11/30/17,10147.372,10094.5166,1280.2,1292.003418
2012/1/17,10883.912,10333.65723,1275.5,1287.524292
2012/2/17,10879.88,10736.68359,0,0
2012/3/17,11332.622,11043.91504,0,0
2012/4/17,11584.83,11388.0918,1273.45,1282.407959
2012/5/17,11591.22,11714.59961,1266.3,1278.182129
2012/6/17,13540.98,11924.75098,1263.7,1273.377808
2012/7/17,16501.97167,12768.17578,1255,1269.26062
2012/8/17,16860.88,14645.6123,1250.65,1263.977295
2012/9/17,15142.83415,16270.27539,0,0
2012/10/17,14869.805,16489.85742,0,0
2012/11/17,15068.95,16174.02734,1247.15,1258.72998
2012/12/17,17276.39333,15926.99121,1240.9,1254.166016
12/13/17,16808.36667,16715.58789,1242.65,1249.387451
12/14/17,16252.31,17220.73242,1251,1246.721558
12/15/17,17771.9,17232.79688,1254.6,1248.419067
12/16/17,19498.68333,17790.80664,0,0
12/17/17,19279.9,18996.35156,0,0
12/18/17,18961.85667,19739.84766,1260.6,1252.379028
12/19/17,17737.11167,19919.68555,1260.35,1257.875977
12/20/17,17382.94,19323.92383,1264.55,1262.004395
12/21/17,16047.51,18660.36523,1264.55,1265.541382
12/22/17,15190.945,17655.31641,0,0
12/23/17,13776.61,16636.32031,0,0
12/24/17,13949.175,15430.875,0,0
12/25/17,14119.02833,14746.84961,0,0
12/26/17,13740.94,14497.01074,0,0
12/27/17,15589.32167,14283.02246,1279.4,1267.510132
12/28/17,14380.58167,14917.82031,1291,1273.076904
12/29/17,14214.01,14992.46582,0,0
12/30/17,13215.574,14853.88574,0,0
12/31/17,14165.575,14303.75195,0,0
2001/1/18,13796,14258.37109,0,0
2001/2/18,15005.85667,14185.85742,1312.05,1281.906616
2001/3/18,15053.26167,14638.58594,1314.9,1296.196167
2001/4/18,15039.24,15061.62012,1314.5,1308.498901
2001/5/18,17174.12,15321.0332,1317.15,1315.460205
2001/6/18,17319.198,16345.76172,0,0
2001/7/18,17155.95,17205.48242,0,0
2001/8/18,15265.90667,17623.24219,1319.95,1318.716919
2001/9/18,14714.25333,16947.45117,1311,1320.236938
2001/10/18,14437.42,16091.08691,1319.75,1317.163086
2001/11/18,13296.794,15419.60547,1323.05,1316.78186
2001/12/18,13912.882,14584.1123,1326.8,1318.706177
1/13/18,13791.19,14299.80957,0,0
1/14/18,13852.92,14190.38184,0,0
1/15/18,14012.196,14193.70898,1339.25,1322.294312
1/16/18,13554.14,14285.89746,1333.85,1329.960205
1/17/18,11116.94667,14175.62012,1335.65,1334.377563
1/18/18,11345.42333,13094.20508,1332.2,1336.832031
1/19/18,11174.82,12301.47656,1334.95,1336.383911
1/20/18,12950.79333,11783.19238,0,0
1/21/18,11505.228,12190.12207,0,0
1/22/18,11513.42,12125.69922,1332.6,1336.124268
1/23/18,11223.064,11992.64941,1333.4,1335.132935
1/24/18,11282.25833,11776.62402,1353.7,1334.626099
1/25/18,11392.03,11640.00977,1354.95,1342.18689
1/26/18,10969.815,11612.28223,1353.15,1350.2677
1/27/18,11524.77667,11466.9873,0,0
1/28/18,11431.37,11555.84277,0,0
1/29/18,11212.655,11636.95703,1343.85,1354.921753
1/30/18,10184.06167,11612.12402,1344.9,1353.028564
1/31/18,10082.52,11192.77734,1345.05,1349.950684
2002/1/18,9083.258333,10791.91406,1341.35,1347.584473
2002/2/18,8901.901667,10173.39355,1331.15,1344.963257
2002/3/18,8852.73,9654.580078,0,0
2002/4/18,8400.648333,9317.207031,0,0
2002/5/18,6838.816667,8984.467773,1333.6,1339.505859
2002/6/18,6925.46,8238.083008,1331.4,1336.237061
2002/7/18,8099.958333,7660.677734,1324.65,1334.226807
2002/8/18,8240.536667,7690.194336,1315.45,1331.062012
2002/9/18,8245.08,7924.71875,1314.1,1325.445679
2002/10/18,8319.876566,8152.430176,0,0
2002/11/18,8343.455,8334.577148,0,0
2002/12/18,8068.02,8454.923828,1322.3,1320.690918
2/13/18,8597.7675,8427.897461,1325.35,1321.026611
2/14/18,9334.633333,8549.06543,1336.25,1324.176636
2/15/18,9471.64,8923.862305,1352.45,1331.278931
2/16/18,10127.16167,9300.71875,1352.1,1343.228638
2/17/18,10841.99167,9790.389648,0,0
2/18/18,11085.83,10407.24902,0,0
2/19/18,11110.965,10945.10645,1346.6,1352.223145
2/20/18,11390.39167,11292.39063,1339.85,1354.503784
2/21/18,11245.98,11573.95605,1330.5,1350.706299
2/22/18,9931.071667,11686.60547,1328.35,1342.434692
2/23/18,10162.11667,11234.24121,1327.95,1334.827881
2/24/18,10171.3,10886.82617,0,0
2/25/18,9696.593333,10681.44531,0,0
2/26/18,10348.60333,10412.12891,1333.5,1330.139282
2/27/18,10319.46,10452.98633,1325.75,1330.410034
2/28/18,10370.165,10545.33008,1317.85,1329.629639
2003/1/18,11009.38167,10639.17578,1307.75,1326.122803
2003/2/18,10931.12,10930.52734,1322.3,1319.422485
2003/3/18,11326.94833,11141.27832,0,0
2003/4/18,11430.18167,11403.85742,0,0
2003/5/18,11516.83,11623.43652,1320.4,1319.473877
2003/6/18,10763.19833,11786.68848,1331.4,1321.145996
2003/7/18,10118.058,11596.63379,1329.4,1326.945923
2003/8/18,9920.46,11149.75195,1321,1331.331787
2003/9/18,9089.278333,10722.29199,1320.6,1330.463379
2003/10/18,8746.002,10147.40527,0,0
2003/11/18,8777.37,9613.831055,0,0
2003/12/18,9182.843333,9278.548828,1319.15,1327.816528
3/13/18,9154.7,9243.889648,1322.75,1324.805176
3/14/18,9153.54,9290.298828,1323.55,1323.990601
3/15/18,8358.121667,9344.983398,1318.75,1324.488159
3/16/18,8530.402,9108.879883,1310.1,1323.52771
3/17/18,8297.89,8932.722656,0,0
3/18/18,8171.415,8746.213867,0,0
3/19/18,8412.033333,8575.577148,1312.4,1319.299194
3/20/18,8605.64,8546.303711,1311,1316.355103
3/21/18,8947.753333,8631.285156,1321.35,1314.408447
3/22/18,8690.408333,8839.419922,1329.15,1317.336426
3/23/18,8725.37,8929.076172,1346.6,1323.816284
3/24/18,8662.378333,8972.426758,0,0
3/25/18,8617.296667,8967.606445,0,0
3/26/18,8457.96,8937.023438,1352.4,1335.735352
3/27/18,7876.195,8856.271484,1341.45,1347.365601
3/28/18,7960.38,8592.814453,1332.45,1350.262207
3/29/18,7950.61,8395.514648,1323.85,1345.387573
3/30/18,6882.531667,8274.806641,0,0
3/31/18,6935.48,7861.067871,0,0
2004/1/18,6937.56,7519.509766,0,0
2004/2/18,7035.848333,7301.83252,0,0
2004/3/18,7410.435,7217.908691,1333.45,1336.184692
2004/4/18,7426.48,7319.495605,1337.3,1332.402588
2004/5/18,6826.51,7449.089355,1327.7,1333.279419
2004/6/18,6603.876667,7353.590332,1331.2,1332.047607
2004/7/18,6634.68,7152.980469,0,0
2004/8/18,7017.656667,6992.606934,0,0
2004/9/18,6699.273333,7014.300293,1331.95,1332.115845
2004/10/18,6784.41,6980.804688,1338.95,1333.002075
2004/11/18,6926.266667,6971.803711,1350.75,1336.572632
2004/12/18,7847.845,7018.560547,1341.35,1344.247681
4/13/18,7941.46,7365.115723,1343.7,1346.91687
4/14/18,8036.511051,7725.840332,0,0
4/15/18,8340.748333,8014.26416,0,0
4/16/18,8368.1,8294.117188,1349.35,1347.740479
4/17/18,7895.416926,8492.750977,1342.1,1349.601685
4/18/18,8164.937426,8448.166992,1351.45,1348.202637
4/19/18,8175.96,8441.444336,1348.6,1349.757202
4/20/18,8852.718333,8449.639648,1336.75,1350.55603
4/21/18,8807.205,8688.333984,0,0
4/22/18,8930.6,8900.494141,0,0
4/23/18,8933.861667,9082.183594,1324.3,1346.322021
4/24/18,9555.542,9197.477539,1328.85,1337.368408
4/25/18,9658.11,9470.538086,1321.65,1331.972046
4/26/18,9258.398333,9731.639648,1320.7,1327.174805
4/27/18,9010.32,9764.803711,1321.5,1324.234497
4/28/18,8928.55,9639.40625,0,0
4/29/18,9334.281667,9482.28125,0,0
4/30/18,9259.57,9506.223633,1313.2,1323.486938
2005/1/18,9239.55,9542.885742,1307.1,1320.878296
2005/2/18,9221.426,9565.271484,1304.2,1316.488525
2005/3/18,9639.268333,9569.359375,1315.05,1312.059937
2005/4/18,9753.35,9711.364258,1309.4,1313.119141
2005/5/18,9803.306667,9881.291992,0,0
2005/6/18,9630.136277,10020.02539,0,0
2005/7/18,9631.44,10042.21387,0,0
2005/8/18,9228.608333,10025.56641,1306.6,1313.641968
2005/9/18,9322.041667,9860.427734,1313.85,1312.826904
2005/10/18,9310.37,9744.005859,1318.8,1314.395752
2005/11/18,8468.788,9672.583984,1324.35,1317.921875
2005/12/18,8484.346667,9344.592773,0,0
5/13/18,8463.52,9065.359375,0,0
5/14/18,8652.038333,8879.352539,1319.85,1322.816772
5/15/18,8511.458,8842.136719,1295,1324.665161
5/16/18,8471.06,8809.145508,1291.25,1315.604492
5/17/18,8106.118333,8775.332031,1289.5,1304.69751
5/18/18,8240.055,8627.900391,1288.3,1296.327881
5/19/18,8239.08,8542.255859,0,0
5/20/18,8507.406667,8498.583008,0,0
5/21/18,8385.556187,8571.360352,1288.35,1291.425171
5/22/18,8396.63,8612.137695,1293.05,1289.637695
5/23/18,7555.74,8636.748047,1289,1291.407959
5/24/18,7566.193333,8366.691406,1304.85,1292.559937
5/25/18,7576.78,8108.896973,1303.5,1298.746338
5/26/18,7342.908333,7937.333496,0,0
5/27/18,7361.831667,7767.158691,0,0
5/28/18,7344.56,7658.811523,0,0
5/29/18,7459.876667,7596.394531,1295.5,1304.054321
5/30/18,7385.395,7604.925293,1300.7,1304.28125
5/31/18,7386.72,7607.06543,1305.35,1304.318604
2006/1/18,7535.146667,7608.145508,1294.6,1305.705688
2006/2/18,7645.146667,7657.282715,0,0
2006/3/18,7637.14,7741.121582,0,0
2006/4/18,7500.273333,7807.070801,1295.45,1303.106323
2006/5/18,7615.722142,7803.587891,1292.05,1300.28833
2006/6/18,7619.43,7820.333496,1300.1,1297.116943
2006/7/18,7676.271667,7838.9375,1297.25,1297.796387
2006/8/18,7620.153333,7872.019043,1298.25,1298.623169
2006/9/18,7615.54,7881.328613,0,0
2006/10/18,6776.888333,7880.533691,0,0
2006/11/18,6875.678333,7603.210938,1299.6,1299.668945
2006/12/18,6879.31,7369.191895,1298.65,1300.940552
6/13/18,6315.7,7218.262695,1296.15,1301.516846
6/14/18,6647.013333,6957.195801,1302.75,1300.752563
6/15/18,6637.41,6851.373047,1285.25,1302.101807
6/16/18,6509.426667,6817.474121,0,0
6/17/18,6464.411667,6774.900879,0,0
6/18/18,6445.79,6728.838867,1281.55,1297.484619
6/19/18,6737,6689.363281,1276.15,1291.166016
6/20/18,6714.718333,6755.569824,1274.2,1284.565063
6/21/18,6760.83,6825.535156,1266.15,1279.534912
6/22/18,6332.573333,6891.285645,1269.15,1274.136963
6/23/18,6141.605833,6800.30127,0,0
6/24/18,6170.46,6632.247559,0,0
6/25/18,6211.4475,6501.292969,1268.7,1271.601318
6/26/18,6218.595,6433.219727,1260.3,1270.880859
6/27/18,6097.46,6407.103516,1254.6,1268.331543
6/28/18,6107.896154,6364.405273,1251.55,1264.147461
6/29/18,5908.7025,6333.712402,1250.45,1259.754395
6/30/18,6223.28,6253.852051,0,0
2007/1/18,6374.754167,6281.425293,0,0
2007/2/18,6466.069167,6379.675781,1247.8,1256.355469
2007/3/18,6626.44,6499.405273,1251.75,1253.55481
2007/4/18,6593.289167,6641.130371,1255.65,1253.182617
2007/5/18,6603.376667,6736.948242,1255.5,1255.085815
2007/6/18,6555.51,6794.217773,1255.35,1257.149414
2007/7/18,6594.281667,6807.905273,0,0
2007/8/18,6753.559167,6817.309082,0,0
2007/9/18,6724.04,6873.375,1262.05,1258.510254
2007/10/18,6510.791667,6917.272461,1254,1261.300415
2007/11/18,6377.363333,6877.391602,1251.4,1260.922485
2007/12/18,6403.18,6783.464844,1245.9,1258.576294
7/13/18,6244.3575,6709.931641,1241.7,1254.379028
7/14/18,6241,6613.865723,0,0
7/15/18,6248.84,6539.238281,0,0
7/16/18,6514.390833,6495.218262,1241.1,1249.47229
7/17/18,6869.910833,6556.39209,1232.8,1245.707886
7/18/18,7321.62,6742.237793,1224.5,1240.949829
7/19/18,7396.401667,7053.6875,1217.55,1234.810425
7/20/18,7428.045,7333.199219,1228.75,1228.026123
7/21/18,7334.99,7529.032715,0,0
7/22/18,7451.289167,7609.674316,0,0
7/23/18,7689.884167,7669.52832,1224.95,1226.708618
7/24/18,7715.1,7782.152344,1228.35,1226.710449
7/25/18,8251.165,7883.462891,1231.5,1228.371582
7/26/18,8187.324167,8127.974609,1228.25,1231.154541
7/27/18,7939.81,8315.810547,1223.95,1232.448242
7/28/18,8182.251667,8347.479492,0,0
7/29/18,8206.341667,8405.921875,0,0
7/30/18,8220.91,8459.264648,1223.8,1231.367432
7/31/18,7916.800833,8498.980469,1220.95,1229.593628
2008/1/18,7570.869167,8420.008789,1219,1227.130371
2008/2/18,7607.7,8218.006836,1215.45,1224.51709
2008/3/18,7394.499167,8056.984375,1216.3,1221.536621
2008/4/18,7247.769167,7885.44043,0,0
2008/5/18,7011.28,7716.304199,0,0
2008/6/18,6988.079167,7522.558594,1209.65,1219.605713
2008/7/18,6993.513333,7373.617676,1212.35,1216.638672
2008/8/18,6718.23,7283.467773,1209.55,1215.058228
2008/9/18,6396.7725,7148.296875,1214.35,1213.649536
2008/10/18,6396.494667,6938.875,1214.4,1214.231079
2008/11/18,6138.96,6771.233398,0,0
2008/12/18,6311.131667,6583.694336,0,0
8/13/18,6347.07,6501.154297,1200.35,1215.421631
8/14/18,6252.13,6484.643555,1197,1212.216064
8/15/18,6362.676923,6463.430176,1182,1207.316772
8/16/18,6342.629231,6482.711914,1180.4,1198.768799
8/17/18,6312.75,6502.11377,1178.4,1190.967651
8/18/18,6436.720833,6507.234863,0,0
8/19/18,6404.063333,6546.272461,0,0
8/20/18,6486.58,6574.008301,1184.35,1185.19397
8/21/18,6401.246154,6617.31543,1190.95,1183.653931
8/22/18,6575.229167,6626.253906,1196.65,1186.187988
8/23/18,6354.57,6678.478516,1192.35,1191.328857
8/24/18,6543.645714,6658.73877,1197.7,1194.777466
8/25/18,6719.429231,6684.897949,0,0
8/26/18,6738.27,6772.336914,0,0
8/27/18,6719.266154,6858.384766,0,0
8/28/18,7000.04,6913.146973,1212.25,1198.083984
8/29/18,7078.19,7032.110352,1204.2,1204.589478
8/30/18,6932.6625,7158.810059,1197.3,1207.900146
8/31/18,6981.946154,7203.259766,1202.45,1206.796265
2009/1/18,7018.78,7226.517578,0,0
2009/2/18,7247.935385,7247.881836,0,0
2009/3/18,7260.949231,7335.842773,1200.05,1205.740967
2009/4/18,7265.08,7420.299805,1190.85,1204.19458
2009/5/18,7113.069231,7479.762695,1196.7,1200.157471
2009/6/18,6433.271667,7464.453613,1205.15,1198.120972
2009/7/18,6501.19,7213.402344,1198.9,1199.984375
2009/8/18,6366.1075,6994.463867,0,0
2009/9/18,6286.425833,6805.983398,0,0
2009/10/18,6240.98,6658.030273,1196.6,1201.011475
2009/11/18,6296.320833,6551.803711,1189.85,1200.796387
2009/12/18,6273.1375,6506.658203,1195.6,1198.189575
9/13/18,6326.04,6485.116699,1209.8,1197.146118
9/14/18,6499.0625,6493.226563,1201.95,1201.224609
9/15/18,6518.655,6561.46875,0,0
9/16/18,6522.39,6632.84668,0,0
9/17/18,6400.600833,6685.125,1201.9,1203.773071
9/18/18,6296.631667,6677.69873,1200.2,1204.978027
9/19/18,6342.39,6622.435059,1203.3,1204.759766
9/20/18,6418.562667,6584.250977,1208.35,1204.943237
9/21/18,6669.990833,6586.595703,1198.7,1206.705322
9/22/18,6756.12,6680.092285,0,0
9/23/18,6710.445,6800.473633,0,0
9/24/18,6639.304167,6879.30127,1202.75,1205.630737
9/25/18,6583.45,6900.203613,1201.9,1205.007324
9/26/18,6468.631667,6880.171387,1194.25,1204.469727
9/27/18,6535.476667,6817.758301,1185.4,1201.854126
9/28/18,6686.08,6783.119629,1187.25,1196.63916
9/29/18,6550.474167,6814.542969,0,0
9/30/18,6593.135,6813.101563,0,0
2010/1/18,6611.02,6816.75293,1189.35,1192.556519
2010/2/18,6562.641667,6826.13623,1204.7,1190.754883
2010/3/18,6470.4025,6818.938965,1201.2,1194.92395
2010/4/18,6483.73,6779.791992,1203.45,1199.249146
2010/5/18,6568.549167,6747.133789,1203.8,1203.078979
2010/6/18,6581.486667,6752.555176,0,0
2010/7/18,6573.62,6771.315918,0,0
2010/8/18,6618.567692,6786.0625,1186.95,1205.654175
2010/9/18,6621.711667,6809.408203,1185.55,1201.876831
2010/10/18,6626.85,6829.050781,1188.6,1196.331421
2010/11/18,6248.635833,6843.296387,1205.55,1192.585449
2010/12/18,6260.530833,6731.946289,1219.75,1195.601074
10/13/18,6247,6621.798828,0,0
10/14/18,6299.399167,6539.86084,0,0
10/15/18,6452.571667,6507.129395,1229.95,1204.666016
10/16/18,6599.17,6546.861816,1230.7,1216.637817
10/17/18,6596.276154,6642.493652,1229.05,1226.404419
10/18/18,6568.040769,6725.481445,1223,1231.692749
10/19/18,6509.61,6771.198242,1227.85,1231.531982
10/20/18,6488.825833,6773.566406,0,0
10/21/18,6531.601667,6755.727051,0,0
10/22/18,6504.78,6750.710938,1222.3,1230.70813
10/23/18,6481.426,6742.521973,1235.95,1228.016968
10/24/18,6508.31,6728.884766,1230.55,1229.724243
10/25/18,6489.77,6726.489746,1230.8,1230.863403
10/26/18,6473.753333,6722.351563,1233.85,1231.606689
10/27/18,6465.9175,6714.070313,0,0
10/28/18,6457.21,6704.632324,0,0
10/29/18,6382.668333,6694.904785,1230.8,1232.993164
10/30/18,6309.452857,6664.423828,1225.4,1233.271484
10/31/18,6301.61,6613.97998,1214.95,1231.399902
2011/1/18,6342.280833,6570.182617,1231.15,1226.089844
2011/2/18,6387.674167,6553.967773,1232.1,1226.255737
2011/3/18,6390.42,6564.884766,0,0
2011/4/18,6391.873333,6581.497559,0,0
2011/5/18,6436.965,6595.425293,1232.25,1228.747803
2011/6/18,6437.76,6618.560059,1231.6,1231.490723
2011/7/18,6538.79,6637.638672,1229.95,1233.318115
2011/8/18,6486.251667,6681.741211,1224.15,1233.707642
2011/9/18,6444.97,6703.376953,1211.4,1231.580444
2011/10/18,6399.033333,6699.244141,0,0
2011/11/18,6378.268333,6674.278809,0,0
2011/12/18,6408.53,6644.181152,1205.55,1225.177979
11/13/18,6372.063333,6631.129395,1202.1,1217.403931
11/14/18,6176.155,6615.583008,1203.25,1210.495972
11/15/18,5756.77,6542.694824,1211.85,1206.436157
11/16/18,5596.1925,6344.100586,1222.4,1207.36145
11/17/18,5558.243333,6118.394043,0,0
11/18/18,5572.44,5939.052734,0,0
11/19/18,5303.9425,5830.075195,1221.6,1213.229004
11/20/18,4671.97,5692.017578,1223,1219.092651
11/21/18,4491.98,5394.782715,1226.1,1223.622559
11/22/18,4548.7975,5082.757813,1227.05,1227.131104
11/23/18,4309.3375,4871.444336,1223.65,1229.328857
11/24/18,4352.98,4679.708008,0,0
11/25/18,3823.511667,4561.3125,0,0
11/26/18,3920.536667,4344.544922,1223.4,1229.145996
11/27/18,3793.35,4186.370117,1221.2,1227.931763
11/28/18,4103.453846,4053.425293,1213.25,1225.93811
11/29/18,4263.783333,4054.587402,1226.25,1221.779663
11/30/18,4278.77,4144.932129,1217.55,1222.139526
2012/1/18,4116.7775,4244.333496,0,0
2012/2/18,4167.546667,4273.163086,0,0
2012/3/18,4140.6,4287.003418,1230.3,1221.416138
2012/4/18,3961.493333,4285.226563,1240.3,1224.55603
2012/5/18,3858.349167,4228.338379,1235.9,1231.365112
2012/6/18,3744.98,4141.256348,1242.55,1236.111694
2012/7/18,3405.643333,4037.233643,1243.3,1240.699097
2012/8/18,3435.34,3860.77417,0,0
2012/9/18,3453.66,3718.989014,0,0
2012/10/18,3523.96,3632.645264,1245.35,1243.923828
2012/11/18,3426.19,3608.002686,1245.3,1246.179688
2012/12/18,3407.28,3582.939941,1245.75,1247.23999
12/13/18,3406.7625,3559.448486,1242.75,1247.592896
12/14/18,3278.374167,3542.757324,1235.35,1246.554688
12/15/18,3242.42,3496.782715,0,0
12/16/18,3271.238333,3443.646484,0,0
12/17/18,3392.405,3410.731445,1241.65,1242.954224
12/18/18,3556.54,3427.508301,1246.3,1241.626465
12/19/18,3808.0425,3502.615234,1255,1243.091309
12/20/18,3982.850833,3648.168457,1259.75,1248.032471
12/21/18,4135.19,3827.866455,1258.15,1254.324829
12/22/18,3910.973333,4014.178467,0,0
12/23/18,4027.478333,4088.02124,0,0
12/24/18,3995.17,4138.884766,0,0
12/25/18,3813.88,4159.506348,0,0
12/26/18,3825.379167,4113.173828,0,0
12/27/18,3848.21,4061.991943,1268,1258.605591
12/28/18,3743.905,4030.143066,1279,1263.986816
12/29/18,3912.285833,3983.782227,0,0
12/30/18,3770.36,3993.641602,0,0
12/31/18,3791.545833,3978.295654,0,0
2001/1/19,3752.271667,3964.862305,0,0
2001/2/19,3855.88,3944.13501,1282.9,1271.606567
2001/3/19,3865.7975,3955.854004,1290.45,1278.762695
2001/4/19,3822.626667,3977.289551,1279.9,1285.841431
2001/5/19,3856.62,3983.385254,0,0
2001/6/19,3920.456667,3992.282959,0,0
2001/7/19,4036.093333,4017.606445,1292.2,1286.689209
2001/8/19,4032.25,4074.31958,1286.45,1289.157227
2001/9/19,4034.138333,4124.503906,1288.6,1289.205811
2001/10/19,3812.585833,4159.375,1291.9,1289.125854
2001/11/19,3646.25,4116.055664,1288.95,1290.188232
2001/12/19,3646.345833,4012.04126,0,0
1/13/19,3599.841667,3917.125,0,0
1/14/19,3531.96,3837.776123,1292.75,1290.327637
1/15/19,3656.785,3765.858887,1294.4,1291.526855
1/16/19,3621.270833,3751.226807,1292.3,1293.346924
1/17/19,3621.43,3748.994873,1290.7,1294.112671
1/18/19,3632.395,3751.331787,1284.2,1293.750977
1/19/19,3690.523333,3757.448486,0,0
1/20/19,3703.98,3779.432861,0,0
1/21/19,3548.4275,3804.331787,1279.55,1290.890747
1/22/19,3540.02,3779.209229,1282.1,1286.57959
1/23/19,3587.35,3742.37085,1279.8,1284.177856
1/24/19,3566.4,3725.169189,1283.7,1282.546631
1/25/19,3586.25,3713.220703,1293.9,1283.20105
1/26/19,3577.79,3712.058594,0,0
1/27/19,3576.3,3712.520752,0,0
1/28/19,3554.5,3713.099365,1302.15,1288.058228
1/29/19,3448.58,3707.54541,1307.55,1295.707886
1/30/19,3421.6,3671.635498,1310.7,1303.656494
1/31/19,3470,3628.050049,1323.25,1309.990356
2002/1/19,3444.81,3607.42749,1318.7,1317.881226
2002/2/19,3475.33,3592.871582,0,0
2002/3/19,3506.22,3592.895508,0,0
2002/4/19,3456.02,3606.433838,1312.15,1321.623291
2002/5/19,3452.35,3606.648193,1314.2,1319.985107
2002/6/19,3467.34,3601.438477,1312.4,1317.640625
2002/7/19,3405.7,3600.116455,1310,1315.124878
2002/8/19,3394.76,3583.115234,1314.85,1312.621094
2002/9/19,3661.08,3562.566406,0,0
2002/10/19,3664.38,3621.41748,0,0
2002/11/19,3686.29,3691.583984,1306.4,1312.893311
2002/12/19,3629.47,3752.854736,1310,1311.113281
2/13/19,3632.42,3778.585449,1312.8,1310.751343
2/14/19,3614.5,3786.617676,1311.45,1312.123169
2/15/19,3600.31,3781.724854,1316.55,1313.227661
2/16/19,3608.2,3770.044189,0,0
2/17/19,3619.55,3761.700684,0,0
2/18/19,3670.74,3760.044189,1325.5,1315.774658
2/19/19,3910.8,3775.608887,1334.15,1321.182373
2/20/19,3926.53,3860.780762,1343.75,1328.81604
2/21/19,3987.18,3950.080811,1331.25,1337.986694
2/22/19,3944.88,4033.754395,1329.05,1339.502319
2/23/19,3983.48,4080.536865,0,0
2/24/19,4139.6,4113.528809,0,0
2/25/19,3766.89,4177.799805,1331.05,1336.850952
2/26/19,3848.33,4127.411133,1325.05,1334.288696
2/27/19,3831.45,4077.579346,1322.85,1330.361328
2/28/19,3833.23,4036.592041,1319.15,1326.664917
2003/1/19,3850.08,4010.157227,1311.95,1323.154297
2003/2/19,3834.62,4000.410156,0,0
2003/3/19,3831.44,3994.171143,0,0
2003/4/19,3814.58,3989.644043,1285.4,1318.528687
2003/5/19,3730.98,3981.812012,1283.8,1305.82373
2003/6/19,3872.25,3950.899902,1285.85,1294.671387
2003/7/19,3876.85,3960.996582,1285.3,1288.820923
2003/8/19,3886.82,3982.650635,1296.75,1286.857788
2003/9/19,3875.96,4004.862305,0,0
2003/10/19,3950.56,4017.946045,0,0
2003/11/19,3928.17,4045.758545,1292.75,1291.160034
2003/12/19,3881.09,4064.281982,1297.05,1294.954346
3/13/19,3892.51,4061.250732,1306.95,1298.834106
3/14/19,3877.77,4055.405029,1295.55,1304.778809
3/15/19,3885.21,4046.046143,1303.5,1305.117188
3/16/19,3936.5,4040.317139,0,0
3/17/19,4015.95,4052.065918,0,0
3/18/19,3994.92,4089.055664,1305.6,1305.996216
3/19/19,3998.77,4118.062988,1307.7,1307.225098
3/20/19,4029.11,4137.670898,1303.7,1308.728638
3/21/19,4056.4,4157.549805,1309.6,1308.247681
3/22/19,3992.34,4179.895996,1311.3,1309.297485
3/23/19,3999.06,4178.437012,0,0
3/24/19,4011.92,4171.701172,0,0
3/25/19,3994.11,4168.779297,1319.55,1311.057129
3/26/19,3935.89,4162.767578,1316.3,1315.429077
3/27/19,3947.74,4140.714844,1309.7,1317.966797
3/28/19,4048.51,4122.884277,1295.15,1316.566528
3/29/19,4037.37,4140.194336,1295.4,1309.034302
3/30/19,4115.55,4160.76123,0,0
3/31/19,4114.44,4199.20459,0,0
2004/1/19,4114.16,4232.404785,1293.5,1302.2052
2004/2/19,4152.53,4254.621094,1290.3,1297.381226
2004/3/19,4882.88,4278.177734,1290.45,1293.964722
2004/4/19,4959.81,4507.659668,1283.15,1292.470581
2004/5/19,4911.24,4763.059082,1288.45,1289.782349
2004/6/19,5028.77,4941.729492,0,0
2004/7/19,5053.52,5080.642578,0,0
2004/8/19,5189.39,5174.887695,1300,1289.585205
2004/9/19,5268.71,5268.999023,1303,1294.40979
2004/10/19,5175.81,5360.17041,1305.45,1300.445679
2004/11/19,5310.18,5396.754883,1298.8,1305.678467
2004/12/19,5035.02,5446.625977,1294.3,1306.296387
4/13/19,5072.85,5403.310547,0,0
4/14/19,5064.62,5355.266602,0,0
4/15/19,5152.51,5316.354004,1285.65,1303.302856
4/16/19,5036.18,5317.271973,1276.35,1296.87146
4/17/19,5196.65,5294.783691,1275.85,1288.173706
4/18/19,5220.37,5319.171875,1275.7,1281.55542
4/19/19,5276.31,5357.256348,0,0
4/20/19,5277.04,5404.934082,0,0
4/21/19,5309.28,5441.437988,0,0
4/22/19,5281.83,5473.117676,0,0
4/23/19,5377.19,5485.313477,1269.5,1277.963623
4/24/19,5518.16,5516.397461,1271.65,1274.71167
4/25/19,5434.19,5586.570313,1280.8,1273.597778
4/26/19,5195.61,5622.860352,1284.2,1276.842285
4/27/19,5292.83,5566.106445,0,0
4/28/19,5280.19,5526.697754,0,0
4/29/19,5301.29,5499.453125,1279.5,1281.801758
4/30/19,5260.65,5490.149414,1282.3,1284.118896
2005/1/19,5269.79,5476.686523,1283.8,1285.597656
2005/2/19,5326.67,5468.547363,1270.95,1286.633667
2005/3/19,5390.16,5481.318848,1278.55,1282.588623
2005/4/19,5657.14,5515.884277,0,0
2005/5/19,5771.08,5627.956055,0,0
2005/6/19,5717.66,5766.080078,0,0
2005/7/19,5684.47,5856.07959,1281.2,1280.64856
2005/8/19,5755.72,5895.098633,1285.2,1280.910278
2005/9/19,5936.72,5928.845703,1286.1,1283.252686
2005/10/19,6146.91,6006.493164,1287.1,1285.881104
2005/11/19,6348.02,6139.638184,0,0
2005/12/19,7248.31,6313.396973,0,0
5/13/19,6978.63,6731.305664,1295.6,1288.078857
5/14/19,7823.11,7013.841309,1298.4,1292.306396
5/15/19,7992.69,7443.847656,1299.1,1296.732788
5/16/19,8206.9,7841.500488,1291.7,1299.894165
5/17/19,7885.96,8178.821289,1280.8,1298.80896
5/18/19,7362.22,8286.72168,0,0
5/19/19,7265.05,8122.320313,0,0
5/20/19,8193.7,7900.924316,1276.85,1292.713501
5/21/19,8007.03,8035.432617,1271.15,1285.588745
5/22/19,7952.5,8165.344727,1273.8,1278.623413
5/23/19,7625.93,8238.245117,1283.65,1275.118896
5/24/19,7880.29,8163.022461,1282.5,1277.537231
5/25/19,8003.26,8152.557129,0,0
5/26/19,8071.45,8200.62793,0,0
5/27/19,8744.42,8271.283203,0,0
5/28/19,8770.06,8550.136719,1278.3,1281.045044
5/29/19,8719.88,8806.415039,1281.65,1282.470459
5/30/19,8662.98,8958.163086,1280.95,1283.851807
5/31/19,8272.46,9011.385742,1295.55,1284.438843
2006/1/19,8553.81,8885.601563,0,0
2006/2/19,8554.8,8846.063477,0,0
2006/3/19,8739.03,8840.28418,1317.1,1289.525024
2006/4/19,8134.92,8908.728516,1324.25,1301.979492
2006/5/19,7675.8,8770.15625,1335.05,1315.314087
2006/6/19,7786.04,8467.091797,1335.5,1328.106567
2006/7/19,7803.23,8251.479492,1340.65,1335.991333
2006/8/19,7998.29,8130.750977,0,0
2006/9/19,7931.34,8138.775879,0,0
2006/10/19,7640.61,8157.625,1328.6,1340.847534
2006/11/19,8020.38,8077.566406,1324.3,1337.963745
2006/12/19,7917.58,8120.822266,1332.35,1331.712524
6/13/19,8173.06,8148.349121,1335.9,1329.542969
6/14/19,8237.88,8248.737305,1351.25,1330.958374
6/15/19,8693.6,8358.915039,0,0
6/16/19,8859.47,8590.845703,0,0
6/17/19,8978.99,8839.385742,1341.3,1339.103271
6/18/19,9327.48,9055.293945,1341.35,1343.042236
6/19/19,9076.18,9313.018555,1344.05,1344.320313
6/20/19,9281.7,9411.829102,1379.5,1345.26062
6/21/19,9531.35,9507.754883,1397.15,1359.326172
6/22/19,10209.38,9657.139648,0,0
6/23/19,10668.63,10010.06836,0,0
6/24/19,10814.48,10465.66699,1405.7,1379.563843
6/25/19,11017.5,10851.60547,1431.4,1397.634277
6/26/19,11766.4,11163.15137,1403.95,1418.175415
6/27/19,12932.55,11622.66113,1402.5,1419.180054
6/28/19,11132.85,12397.67578,1409,1412.298706
6/29/19,12374.35,12299.6543,0,0
6/30/19,11890.38,12494.06836,0,0
2007/1/19,10737.73,12493.62207,1390.1,1407.909424
2007/2/19,10578.72,12014.29492,1391.05,1398.184326
2007/3/19,10805.4,11533.01172,1413.5,1391.522339
2007/4/19,11984.76,11297.06543,1414.9,1398.162842
2007/5/19,11160.49,11636.21484,1388.65,1407.554077
2007/6/19,10955.16,11693.7207,0,0
2007/7/19,11232.04,11590.89844,0,0
2007/8/19,11477.01,11580.48926,1400.1,1403.716431
2007/9/19,12313.08,11681.06934,1391.55,1402.257324
2007/10/19,12586.78,12085.39453,1408.3,1398.588867
2007/11/19,12099.9,12526.41211,1413.75,1402.720093
2007/12/19,11352.87,12635,1407.6,1410.004272
7/13/19,11803.97,12338.49316,0,0
7/14/19,11389.1,12218.90234,0,0
7/15/19,10186.96,12021.33789,1412.4,1412.898071
7/16/19,10873.5,11431.15137,1409.85,1415.176147
7/17/19,9397.72,11211.63574,1410.35,1415.066406
7/18/19,9674.28,10613.97852,1417.45,1414.315674
7/19/19,10638.56,10238.46191,1439.7,1416.539551
7/20/19,10535.75,10384.03906,0,0
7/21/19,10764.9,10576.72168,0,0
7/22/19,10587.41,10805.38574,1427.75,1428.156738
7/23/19,10323.62,10899.94629,1425.55,1432.859863
7/24/19,9844.3,10831.25781,1426.95,1432.46875
7/25/19,9772.17,10569.96582,1416.1,1431.028076
7/26/19,9875.17,10323.4082,1420.4,1425.099976
7/27/19,9848.65,10200.03516,0,0
7/28/19,9473.99,10141.89941,0,0
7/29/19,9530,9990.323242,1419.05,1422.137451
7/30/19,9501.33,9888.671875,1425.9,1420.868896
7/31/19,9589.13,9823.492188,1427.55,1423.818359
2008/1/19,10084.7,9821.587891,1406.8,1427.795166
2008/2/19,10407.17,10012.7627,1441.75,1421.799805
2008/3/19,10529.55,10306.85938,0,0
2008/4/19,10814.57,10576.2832,0,0
2008/5/19,10980.23,10852.85254,1465.25,1430.110352
2008/6/19,11787.99,11097.42871,1465.25,1449.521484
2008/7/19,11465.67,11547.97656,1506.05,1464.355835
2008/8/19,11960.82,11775.71191,1495.75,1489.429443
2008/9/19,11996.41,12056.66406,1497.7,1501.31897
2008/10/19,11856.64,12263.3457,0,0
2008/11/19,11282.22,12326.69531,0,0
2008/12/19,11566.84,12115.51855,1504.7,1503.931274
8/13/19,11386.26,12019.99414,1498.4,1504.887695
8/14/19,10858.12,11914.5791,1513.25,1501.407959
8/15/19,10016.96,11648.38574,1515.65,1505.06604
8/16/19,10302.17,11128.0498,1515.25,1510.47998
8/17/19,10359.44,10830.43359,0,0
8/18/19,10214.52,10704.70508,0,0
8/19/19,10317.6,10613.2041,1496.6,1514.192627
8/20/19,10917.26,10599.35547,1504.55,1507.301025
8/21/19,10760.56,10825.4248,1503.25,1504.648682
8/22/19,10129.4,10977.07031,1502.05,1504.154541
8/23/19,10111.98,10829.52637,1503.8,1504.460938
8/24/19,10405.81,10650.38867,0,0
8/25/19,10143.8,10626.4873,0,0
8/26/19,10135.06,10554.95703,0,0
8/27/19,10360.28,10495.99219,1532.95,1506.122559
8/28/19,10171.95,10541.87891,1537.15,1521.464233
8/29/19,9717.82,10532.01367,1540.2,1535.898804
8/30/19,9484.55,10350.94141,1528.4,1544.706543
8/31/19,9577.99,10105.89844,0,0
2009/1/19,9600.9,9959.270508,0,0
2009/2/19,9769.79,9894.582031,1525.95,1541.474365
2009/3/19,10386.64,9934,1537.85,1534.586304
2009/4/19,10621.29,10207.72266,1546.1,1535.317505
2009/5/19,10584.16,10536.96387,1529.1,1541.889648
2009/6/19,10577.8,10759.34668,1523.7,1539.026245
2009/7/19,10317.47,10876.70996,0,0
2009/8/19,10487.21,10831.42285,0,0
2009/9/19,10406.31,10821.36328,1509.2,1532.539185
2009/10/19,10313.66,10793.11035,1498.25,1521.334839
2009/11/19,10101.03,10738.05371,1490.65,1509.2771
2009/12/19,10159.32,10619.49902,1515.2,1499.554932
9/13/19,10420.16,10547.02344,1503.1,1507.083374
9/14/19,10363.9,10604.09277,0,0
9/15/19,10361.33,10654.69336,0,0
9/16/19,10310.43,10686.9541,1497.2,1511.024414
9/17/19,10265.63,10684.53613,1502.1,1509.777954
9/18/19,10190.36,10657.01758,1503.5,1509.814697
9/19/19,10157.59,10604.36719,1500.7,1510.591309
9/20/19,10275.88,10550.88086,1501.9,1509.663208
9/21/19,10173.11,10557.32129,0,0
9/22/19,9979.49,10539.52734,0,0
9/23/19,10033.05,10452.94043,1522.1,1508.996094
9/24/19,9683.38,10397.36426,1520.65,1517.98291
9/25/19,8553.61,10242.63184,1528.75,1524.756592
9/26/19,8432.23,9717.581055,1506.4,1531.414795
9/27/19,8055.64,9235.057617,1489.9,1523.842407
9/28/19,8193.9,8789.759766,0,0
9/29/19,8225,8546.555664,0,0
9/30/19,8056.74,8445.396484,1485.3,1507.671509
2010/1/19,8307.74,8360.210938,1473.45,1494.328735
2010/2/19,8322.92,8392.27832,1492.6,1482.713867
2010/3/19,8382.03,8450.829102,1517.1,1486.267334
2010/4/19,8236.17,8518.984375,1499.15,1504.643921
2010/5/19,8155.48,8519.277344,0,0
2010/6/19,8147.69,8474.678711,0,0
2010/7/19,7869.74,8429.995117,1501.25,1511.267944
2010/8/19,8212.02,8307.491211,1505.85,1512.400879
2010/9/19,8190,8319.227539,1507.25,1512.988159
2010/10/19,8587.92,8357.391602,1494.8,1513.256104
2010/11/19,8586.9,8527.520508,1479.15,1507.088501
2010/12/19,8269.73,8681.316406,0,0
10/13/19,8308.01,8676.75,0,0
10/14/19,8283.76,8644.488281,1490.6,1494.450562
10/15/19,8353.54,8605.987305,1487.8,1491.029663
10/16/19,8162.16,8602.157227,1485.1,1490.708252
10/17/19,8002.51,8545.274414,1492.65,1490.623535
10/18/19,8076.78,8439.835938,1490,1494.424072
10/19/19,7954.15,8379.77832,0,0
10/20/19,7960.04,8309.897461,0,0
10/21/19,8231.06,8262.180664,1491.65,1496.539551
10/22/19,8222.52,8325.981445,1485.35,1497.965942
10/23/19,8026.76,8397.445313,1494.45,1495.466309
10/24/19,7469.56,8383.821289,1496.55,1496.976196
10/25/19,7431.88,8165.605469,1513.45,1499.763672
10/26/19,8666.79,7947.92334,0,0
10/27/19,9259.8,8205.583984,0,0
10/28/19,9551.54,8715.669922,1492.4,1509.46228
10/29/19,9218.76,9241.206055,1486.75,1506.771362
10/30/19,9433.35,9489.203125,1492.1,1498.942139
10/31/19,9164.62,9654.59082,1510.95,1495.444214
2011/1/19,9147.98,9646.491211,1508.8,1503.545044
2011/2/19,9252.99,9588.828125,0,0
2011/3/19,9301.18,9572.570313,0,0
2011/4/19,9206.16,9589.650391,1509.45,1510.551392
2011/5/19,9418.05,9578.085938,1488.95,1514.49353
2011/6/19,9310.19,9637.248047,1486.05,1505.975708
2011/7/19,9343.34,9657.202148,1484.25,1496.310425
2011/8/19,9204.24,9671.931641,1464.15,1489.83667
2011/9/19,8766.04,9630.373047,0,0
2011/10/19,8809.41,9434.540039,0,0
2011/11/19,9037.12,9276.541992,1458.7,1478.263184
2011/12/19,8717.81,9255.630859,1452.05,1468.431885
11/13/19,8801.52,9167.185547,1462.9,1460.92041
11/14/19,8762.42,9119.499023,1466.65,1462.695801
11/15/19,8632.32,9083.136719,1466.9,1468.512207
11/16/19,8457.69,9016.683594,0,0
11/17/19,8482.7,8903.762695,0,0
11/18/19,8503.93,8822.853516,1467.65,1473.363159
11/19/19,8175.99,8782.926758,1468.45,1476.037964
11/20/19,8120.8,8655.996094,1471.7,1476.882446
11/21/19,8081.81,8528.779297,1467.05,1477.826172
11/22/19,7617.07,8428.337891,1464.45,1475.876343
11/23/19,7286.35,8212.05957,0,0
11/24/19,7324.03,7924.839355,0,0
11/25/19,6907.4,7720.848145,1458.4,1472.468994
11/26/19,7130.25,7467.185547,1454.65,1467.226196
11/27/19,7163.63,7352.366211,1454.35,1462.043945
11/28/19,7523.83,7322.147461,1454.65,1459.104614
11/29/19,7431,7443.431152,1460.15,1458.427002
11/30/19,7757.47,7541.302734,0,0
2012/1/19,7557.72,7710.735352,0,0
2012/2/19,7402.69,7782.527344,1461.15,1461.370728
2012/3/19,7309.59,7754.915527,1477.3,1464.712524
2012/4/19,7296.77,7677.723633,1475.1,1473.983032
2012/5/19,7192.85,7606.790039,1475.95,1479.865234
2012/6/19,7395.97,7526.727539,1459.65,1482.282227
2012/7/19,7547.19,7536.35498,0,0
2012/8/19,7504.83,7618.62207,0,0
2012/9/19,7522.39,7683.89209,1461.7,1474.821167
2012/10/19,7337.42,7731.168457,1464.95,1468.38916
2012/11/19,7220.76,7698.441895,1466.8,1466.395874
2012/12/19,7202.31,7615.592285,1467.8,1467.570557
12/13/19,7189.16,7537.918945,1466.6,1469.884399
12/14/19,7251.87,7481.271973,0,0
12/15/19,7067.74,7468.672363,0,0
12/16/19,7111.14,7413.105469,1477.9,1471.187866
12/17/19,6879.54,7377.147949,1475.8,1476.789185
12/18/19,6612.12,7282.665039,1474.05,1480.229858
12/19/19,7284.29,7115.087891,1476.7,1480.635376
12/20/19,7150.86,7193.061523,1479,1480.979126
12/21/19,7190.17,7273.722168,0,0
12/22/19,7143.2,7345.421875,0,0
12/23/19,7514.41,7377.383789,1482.1,1482.032715
12/24/19,7322.08,7508.319824,0,0
12/25/19,7250.69,7564.358887,0,0
12/26/19,7192.72,7559.668457,0,0
12/27/19,7194.4,7520.180664,1511.5,1484.1604
12/28/19,7243.93,7483.465332,0,0
12/29/19,7301.07,7475.091309,0,0
12/30/19,7385.36,7496.26123,1514.75,1499.12915
12/31/19,7219.6,7547.291504,0,0
2001/1/20,7168.31,7537.546387,0,0
2001/2/20,7175.68,7497.331543,1527.1,1512.692017
2001/3/20,6944.33,7462.6875,1548.75,1525.337402
2001/4/20,7326.35,7365.066406,0,0
2001/5/20,7347.89,7403.141113,0,0
2001/6/20,7351.57,7474.324707,1573.1,1541.730591
2001/7/20,7759.24,7535.374023,1567.85,1562.779785
2001/8/20,8165.47,7707.834473,1571.95,1571.837402
2001/9/20,8042.65,7992.161621,1550.75,1574.32019
2001/10/20,7817.92,8180.095703,1553.6,1562.46814
2001/11/20,8184.66,8208.123047,0,0
2001/12/20,8021.49,8303.754883,0,0
1/13/20,8173.97,8332.041992,1549.9,1553.763794
1/14/20,8105.24,8384.648438,1545.1,1548.713623
1/15/20,8842.42,8403.993164,1549,1545.680176
1/16/20,8813.89,8656.111328,1554.55,1547.636841
1/17/20,8722.03,8882.780273,1557.6,1553.682251
1/18/20,8900.34,9000.714844,0,0
1/19/20,8910.85,9111.255859,0,0
1/20/20,8703.36,9185.71582,1560.15,1560.118896
1/21/20,8626.47,9154.458984,1551.3,1565.106689
1/22/20,8722.26,9077.994141,1556.9,1562.822144
1/23/20,8658.94,9045.464844,1562.9,1562.214233
1/24/20,8388.11,9012.486328,1564.3,1565.13147
1/25/20,8428.17,8897.768555,0,0
1/26/20,8327.36,8811.34668,0,0
1/27/20,8588.42,8724.356445,1580.1,1568.245483
1/28/20,8895.78,8752.855469,1574,1577.77417
1/29/20,9385.69,8906.863281,1573.45,1581.214478
1/30/20,9279.81,9213.806641,1578.25,1580.823242
1/31/20,9502.37,9427.098633,1584.2,1581.727417
2002/1/20,9333.77,9623.519531,0,0
2002/2/20,9378.09,9690.139648,0,0
2002/3/20,9314.56,9715.066406,1574.75,1585.411743
2002/4/20,9162.14,9697.082031,1558.35,1583.240723
2002/5/20,9162.14,9620.446289,1553.3,1572.380737
2002/6/20,9614.9,9553.796875,1563.3,1562.228516
2002/7/20,9755.66,9669.049805,1572.65,1562.619263
2002/8/20,9807.54,9843.80957,0,0
2002/9/20,9907.12,9996.683594,0,0
2002/10/20,10162.41,10128.29102,1573.2,1570.94519
2002/11/20,9854.79,10299.91309,1570.5,1578.197876
2002/12/20,10275.38,10313.48047,1563.7,1580.379395
2/13/20,10354.3,10431.44141,1575.05,1576.439941
2/14/20,10242.43,10562.25781,1581.4,1578.149536
2/15/20,10368.53,10612.76172,0,0
2/16/20,9904.17,10670.77734,0,0
2/17/20,9937.67,10542.50781,1580.8,1583.506714
2/18/20,9703.93,10422.72461,1589.85,1586.80603
2/19/20,10180.65,10259.56543,1604.2,1592.357178
2/20/20,9604.72,10309.83984,1619,1602.856201
2/21/20,9606.86,10191.23047,1643.3,1616.81665
2/22/20,9696.58,10072.6709,0,0
2/23/20,9669.63,10022.68164,0,0
2/24/20,9989.39,9996.269531,1671.65,1636.961426
2/25/20,9663.75,10097.90137,1650.3,1662.876221
2/26/20,9309.15,10082.60938,1634.9,1664.313721
2/27/20,8785.52,9918.240234,1652,1649.17749
2/28/20,8804.72,9586.055664,1609.85,1646.355347
2/29/20,8712.35,9326.834961,0,0
2003/1/20,8534.17,9137.896484,0,0
2003/2/20,8912.82,8969.170898,1599.65,1625.811035
2003/3/20,8912.82,8991.411133,1615.5,1607.366455
2003/4/20,8754.34,9057.460938,1641.85,1608.727295
2003/5/20,8758.9,9061.625977,1659.6,1630.018066
2003/6/20,9067.39,9050.041992,1683.65,1656.409546
2003/7/20,9155.89,9143.172852,0,0
2003/8/20,8898.63,9264.591797,0,0
2003/9/20,8039.38,9266.945313,1672.5,1683.621948
2003/10/20,7931.94,8943.777344,1655.7,1689.409058
2003/11/20,7885.46,8605.089844,1653.75,1675.622314
2003/12/20,7936.65,8353.592773,1570.7,1661.898438
3/13/20,4830.21,8223.464844,1562.8,1610.572388
3/14/20,5609.03,7154.538086,0,0
3/15/20,5166.26,6429.976563,0,0
3/16/20,5348.44,5870.435547,1487.7,1574.424561
3/17/20,5026.35,5581.637207,1536.2,1524.715698
3/18/20,5357.61,5358.67334,1498.2,1522.397949
3/19/20,5410.23,5321.899414,1474.25,1517.490112
3/20/20,6195.2,5367.439453,1494.4,1504.996582
3/21/20,6226.44,5665.108398,0,0
3/22/20,6189.85,5964.410645,0,0
3/23/20,5822.62,6167.470703,1525.4,1506.254883
3/24/20,6502.16,6168.577637,1605.75,1525.253296
3/25/20,6768.49,6321.788086,1605.45,1579.258301
3/26/20,6698.46,6559.86084,1634.8,1617.14502
3/27/20,6763.75,6734.22998,1617.3,1644.234863
3/28/20,6369.09,6861.722656,0,0
3/29/20,6260.95,6814.071777,0,0
3/30/20,5885.41,6698.039551,1618.3,1641.587769
3/31/20,6405.29,6480.133301,1608.95,1629.352539
2004/1/20,6428.28,6461.576172,1576.55,1613.88269
2004/2/20,6652.87,6514.191895,1616.8,1588.351807
2004/3/20,6809.11,6644.827637,1613.1,1594.981567
2004/4/20,6741.67,6809.573242,0,0
2004/5/20,6871.69,6913.797852,0,0
2004/6/20,6777.44,7010.012207,1648.3,1606.397461
2004/7/20,7343.2,7043.664063,1649.25,1633.505493
2004/8/20,7205.55,7229.591797,1647.8,1652.273804
2004/9/20,7365.03,7358.130371,1680.65,1658.10083
2004/10/20,7293.69,7483.580078,0,0
2004/11/20,6873.24,7545.973145,0,0
2004/12/20,6891.6,7434.95459,0,0
4/13/20,6915.37,7314.212891,0,0
4/14/20,6857.66,7234.062988,1741.9,1674.32019
4/15/20,6871.95,7171.059082,1718.65,1717.376587
4/16/20,6623.8,7136.936523,1729.5,1729.93103
4/17/20,7112.27,7041.777832,1692.55,1732.325928
4/18/20,7034.89,7113.982422,0,0
4/19/20,7259.36,7186.221191,0,0
4/20/20,7130.04,7309.52832,1686.2,1708.380493
4/21/20,6840.24,7367.365723,1682.05,1687.745972
4/22/20,6852.52,7295.100586,1710.55,1678.179688
4/23/20,7130.99,7211.056152,1736.25,1694.630981
4/24/20,7477.6,7237.557617,1715.9,1725.134888
4/25/20,7507.08,7399.300781,0,0
4/26/20,7549.52,7561.139648,0,0
4/27/20,7699.27,7688.37207,1714.95,1731.775513
4/28/20,7790.66,7815.298828,1691.55,1728.109131
4/29/20,7765.33,7932.324219,1703.35,1709.981201
4/30/20,8777.63,8001.621582,1702.75,1705.093262
2005/1/20,8628.77,8372.083984,1686.25,1706.221069
2005/2/20,8824.66,8661.405273,0,0
2005/3/20,8973.82,8905.507813,0,0
2005/4/20,8903.95,9108.923828,1709.1,1699.728027
2005/5/20,8885.93,9210.868164,1699.55,1708.598145
2005/6/20,9030.96,9245.491211,1691.5,1711.334351
2005/7/20,9170.79,9299.383789,1704.05,1706.677368
2005/8/20,10002.48,9388.270508,0,0
2005/9/20,9821.8,9746.455078,0,0
2005/10/20,9527.39,9996.522461,0,0
2005/11/20,8754.46,10033.27344,1702.75,1709.722168
2005/12/20,8617.25,9728.771484,1702.4,1712.050415
5/13/20,8814.53,9387.227539,1708.4,1712.585205
5/14/20,9305.93,9211.462891,1731.6,1715.580322
5/15/20,9790.31,9303.800781,1735.35,1730.47229
5/16/20,9303.59,9606.563477,0,0
5/17/20,9385.7,9698.487305,0,0
5/18/20,9669.4,9733.8125,1734.7,1741.76355
5/19/20,9719.37,9837.369141,1737.95,1744.841309
5/20/20,9785.74,9939.614258,1748.3,1745.273926
5/21/20,9510.67,10030.5498,1724.9,1750.239502
5/22/20,9057.57,9990.398438,1733.55,1739.648315
5/23/20,9167.26,9770.291016,0,0
5/24/20,9178.32,9614.191406,0,0
5/25/20,8730.73,9527.84082,0,0
5/26/20,8899.66,9333.697266,1720.25,1736.620239
5/27/20,8842.85,9234.699219,1694.6,1729.916748
5/28/20,9197.54,9171.748047,1717.35,1712.298828
5/29/20,9569.21,9261.560547,1728.7,1716.032471
5/30/20,9425.98,9491.402344,0,0
5/31/20,9698.1,9634.801758,0,0
2006/1/20,9450.84,9804.209961,1730.6,1730.267944
2006/2/20,10204.23,9836.033203,1742.15,1740.826416
2006/3/20,9525.57,10086.74023,1705.35,1751.024536
2006/4/20,9658.04,10069.5625,1700.05,1733.26709
2006/5/20,9794.56,10038.67285,1683.45,1715.246704
2006/6/20,9623.75,10060.28516,0,0
2006/7/20,9670.43,10028.20508,0,0
2006/8/20,9753.85,10010.92773,1690.35,1697.772339
2006/9/20,9782.59,10032.40137,1713.5,1694.832764
2006/10/20,9775.15,10067.07031,1722.05,1711.153442
2006/11/20,9892.13,10091.12793,1738.25,1728.826294
2006/12/20,9286.42,10145.59668,1733.5,1746.137451
6/13/20,9459.97,9974.739258,0,0
6/14/20,9473.5,9864.676758,0,0
6/15/20,9330.07,9808.369141,1710.45,1749.746948
6/16/20,9426.7,9734.563477,1719.85,1733.215942
6/17/20,9526,9715.073242,1724.35,1725.600952
6/18/20,9454.81,9750.399414,1719.5,1726.740845
6/19/20,9380.03,9763.56543,1734.75,1727.034546
6/20/20,9300.15,9740.701172,0,0
6/21/20,9357.43,9687.482422,0,0
6/22/20,9284.78,9663.322266,1761.85,1736.293457
6/23/20,9691.9,9628.925781,1768.9,1758.4375
6/24/20,9621.49,9746.066406,1766.05,1774.998047
6/25/20,9276.58,9839.448242,1756.55,1778.115234
6/26/20,9240.85,9776.591797,1747.6,1769.451416
6/27/20,9154.45,9681.628906,0,0
6/28/20,9004.23,9578.052734,0,0
6/29/20,9127.47,9454.228516,1771.6,1757.086426
6/30/20,9185.35,9409.010742,1768.1,1765.27063
2007/1/20,9133.97,9419.389648,1771.05,1772.136108
2007/2/20,9236.38,9424.271484,1777.45,1777.13916
2007/3/20,9087.98,9462.525391,1772.9,1782.849487
2007/4/20,9072.42,9445.228516,0,0
2007/5/20,9131.31,9413.990234,0,0
2007/6/20,9089.09,9409.089844,1787.9,1782.691406
2007/7/20,9348.91,9397.962891,1789.55,1790.130127
2007/8/20,9256.23,9479.513672,1811.1,1795.837646
2007/9/20,9440.07,9526.737305,1812.1,1810.569824
2007/10/20,9238.04,9614.77832,1803.1,1818.854126
2007/11/20,9287.4,9613.923828,0,0
2007/12/20,9235.96,9607.967773,0,0
7/13/20,9295.9,9583.837891,1807.5,1814.708984
7/14/20,9238.13,9584.033203,1801.9,1812.473267
7/15/20,9254.52,9570.5,1804.6,1808.630493
7/16/20,9193.51,9564.084961,1807.7,1808.898193
7/17/20,9131,9540.443359,1807.35,1812.5354
7/18/20,9154.19,9498.519531,0,0
7/19/20,9174.71,9473.443359,0,0
7/20/20,9214.66,9467.830078,1815.65,1815.209106
7/21/20,9163.87,9483.119141,1842.55,1821.533813
7/22/20,9392.66,9481.355469,1852.4,1841.402832
7/23/20,9537.4,9555.320313,1878.3,1857.970459
7/24/20,9613.11,9675.103516,1902.1,1878.717651
7/25/20,9551.28,9794.726563,0,0
7/26/20,9707.5,9853.404297,0,0
7/27/20,9938.83,9931.494141,1936.65,1900.905396
7/28/20,11042.4,10069.55273,1940.9,1929.485107
7/29/20,10934.94,10571.47559,1950.9,1941.943359
7/30/20,11102.67,10963.53516,1957.65,1947.53125
7/31/20,11114.93,11259.11328,1964.9,1951.37915
2008/1/20,11343.88,11430.9668,0,0
2008/2/20,11823.69,11594.74023,0,0
2008/3/20,11077.77,11876.19434,1958.55,1957.112915
2008/4/20,11242.57,11809.61816,1977.9,1956.191772
2008/5/20,11194.25,11744.35449,2048.15,1968.635498
2008/6/20,11750.28,11679.63281,2067.15,2023.176636
2008/7/20,11772.94,11844.32031,2031.15,2062.19043
2008/8/20,11605.6,12015.30078,0,0
2008/9/20,11767.6,12066.37988,0,0
2008/10/20,11684.06,12129.43066,2044.5,2045.404663
2008/11/20,11893.03,12137.52148,1939.65,2036.709961
2008/12/20,11392.43,12206.25098,1931.9,1965.000854
8/13/20,11573.11,12073.45313,1944.25,1928.990234
8/14/20,11777.43,12007.04492,1944.75,1938.017578
8/15/20,11774.38,12052.80957,0,0
8/16/20,11873.98,12107.72168,0,0
8/17/20,11914.01,12183.42383,1972.85,1955.896851
8/18/20,12293.72,12251.27441,2008.75,1985.383545
8/19/20,11969.53,12436.34277,1981,2021.180298
8/20/20,11734,12458.36621,1927.15,2012.91687
8/21/20,11865.82,12344.49219,1924.35,1962.19043
8/22/20,11522.8,12286.50586,0,0
8/23/20,11683.44,12130.17773,0,0
8/24/20,11653.02,12067.82422,1943.95,1934.042603
8/25/20,11763.93,12037.16504,1911.15,1943.082642
8/26/20,11337.4,12067.96875,1932.95,1934.342407
8/27/20,11467.37,11942.03613,1923.85,1943.683716
8/28/20,11302.01,11872.87012,1957.35,1945.19397
8/29/20,11534.75,11777.0752,0,0
8/30/20,11481.64,11796.17969,0,0
8/31/20,11707.78,11815.75684,0,0
2009/1/20,11659.57,11914.81641,1972.35,1965.62085
2009/2/20,11923.25,11979.92383,1947.05,1984.990723
2009/3/20,11397.44,12113.99023,1940.45,1972.592041
2009/4/20,10187.51,12018.12891,1926.3,1955.763916
2009/5/20,10467.89,11451.64746,0,0
2009/6/20,10159.62,11077.08301,0,0
2009/7/20,10254.93,10760.65039,1928.45,1939.213867
2009/8/20,10367.74,10605.46191,1910.95,1935.779907
2009/9/20,10121.52,10585.55469,1947.2,1927.25
2009/10/20,10227.83,10519.84473,1966.25,1948.247192
2009/11/20,10352.66,10505.20215,1947.4,1974.509888
2009/12/20,10395.44,10552.23242,0,0
9/13/20,10446.44,10614.54199,0,0
9/14/20,10330.77,10678.73145,1958.7,1971.334839
9/15/20,10674.64,10680.22363,1949.35,1970.001831
9/16/20,10785.62,10790.71875,1961.8,1962.367798
9/17/20,10948.43,10931.57715,1936.25,1966.204224
9/18/20,10943.89,11094.00977,1950.85,1953.08728
9/19/20,10931.79,11206.00098,0,0
9/20/20,11081.43,11263.65723,0,0
9/21/20,10919.65,11343.33984,1909.35,1955.443237
9/22/20,10430.46,11341.42188,1906,1932.947021
9/23/20,10532.22,11141.76172,1873.4,1919.271118
9/24/20,10234.48,11000.28711,1861.75,1896.699585
9/25/20,10732.43,10811.76855,1859.7,1881.278564
9/26/20,10692.84,10858.30957,0,0
9/27/20,10732.4,10932.67578,0,0
9/28/20,10774.24,11005.79883,1864.3,1877.660278
9/29/20,10692.33,11068.61523,1883.95,1883.034424
9/30/20,10840.8,11076.2998,1886.9,1899.724731
2010/1/20,10777.92,11120.97559,1902,1909.245728
2010/2/20,10619.24,11135.08984,1903.05,1918.872681
2010/3/20,10575.06,11078.96289,0,0
2010/4/20,10551.77,11008.37793,0,0
2010/5/20,10673.46,10949.22656,1909.6,1920.641235
2010/6/20,10788.56,10957.7207,1913.4,1921.63269
2010/7/20,10603.74,11022.4541,1884.5,1922.688965
2010/8/20,10670.8,11012.4834,1887.45,1903.697266
2010/9/20,10923.3,11012.60352,1923.25,1894.779541
2010/10/20,11063.19,11106.28711,0,0
2010/11/20,11302.67,11242.29102,0,0
2010/12/20,11376.61,11431.29297,1925.5,1917.476563
10/13/20,11540.04,11595.74023,1891.3,1934.524048
10/14/20,11428.24,11757.99707,1910.05,1917.246094
10/15/20,11431.32,11820.44727,1891.9,1915.605713
10/16/20,11503.73,11837.47656,1905.05,1906.504395
10/17/20,11327.57,11863.24902,0,0
10/18/20,11366.51,11815.69824,0,0
10/19/20,11508.2,11782.11328,1905.6,1910.69165
10/20/20,11758.16,11815.80078,1898.4,1915.899292
10/21/20,11925.46,11947.66699,1924.15,1913.672241
10/22/20,12831.56,12120.44922,1900.95,1927.851074
10/23/20,12990.25,12587.25,1903.65,1921.002808
10/24/20,12944.52,13020.92383,0,0
10/25/20,13128.46,13274.46973,0,0
10/26/20,13036.77,13462.0752,1898.45,1915.529175
10/27/20,13076.37,13524.95605,1905.7,1910.34082
10/28/20,13651.47,13549.20117,1869.95,1913.47583
10/29/20,13289,13780.46582,1870.3,1893.803101
10/30/20,13458.66,13829.40137,1881.85,1882.90332
10/31/20,13564.72,13888.12402,0,0
2011/1/20,13810.32,13965.91797,0,0
2011/2/20,13758.88,14115.60645,1889.9,1889.028198
2011/3/20,13575.17,14203.44727,1908.3,1900.847046
2011/4/20,14023.31,14169.46973,1900.15,1918.215698
2011/5/20,14155.59,14297.83203,1938.45,1919.55481
2011/6/20,15591.39,14463.78711,1940.8,1939.750854
2011/7/20,15595.77,15162.43945,0,0
2011/8/20,14839.84,15717.81445,0,0
2011/9/20,15490.6,15712.9873,1867.3,1950.670776
2011/10/20,15328.53,15854.36035,1878.7,1903.455078
2011/11/20,15317.04,15892.52051,1860.95,1882.086182
2011/12/20,15708.65,15888.74707,1874.85,1869.871582
11/13/20,16295.57,16040.65332,1890.9,1878.753174
11/14/20,16339.33,16413.97461,0,0
11/15/20,16091.07,16706.38281,0,0
11/16/20,15968.16,16758.00391,1885.6,1898.794678
11/17/20,16725.15,16680.72656,1889.05,1905.841064
11/18/20,17679.72,16927.53906,1876.1,1907.077393
11/19/20,17798.45,17555.20313,1857.35,1896.685181
11/20/20,17820.57,18063.09375,1875.7,1877.563599
11/21/20,18687.45,18347.75195,0,0
11/22/20,18699.75,18852.49414,0,0
11/23/20,18422.28,19186.6543,1840.2,1880.220947
11/24/20,18398.91,19215.07422,1799.6,1863.878052
11/25/20,19172.52,19154.50586,1810.2,1829.257935
11/26/20,18739.8,19451.58398,1807.4,1820.109131
11/27/20,17151.44,19486.29883,1779.3,1821.886475
11/28/20,17138.87,18728.94922,0,0
11/29/20,17732.42,18141.11328,0,0
11/30/20,18191.6,18087.75195,1762.55,1809.150391
2012/1/20,19709.73,18367.02344,1810.75,1791.406372
2012/2/20,18792.52,19295.46289,1822.6,1812.396973
2012/3/20,19226.97,19536.72852,1832.35,1836.526489
2012/4/20,19454.54,19741.5625,1843,1851.572754
2012/5/20,18670.49,19938.60352,0,0
2012/6/20,19155.06,19674.02148,0,0
2012/7/20,19377.66,19662.03711,1859.95,1859.489136
2012/8/20,19181.41,19800.22461,1868.15,1868.658325
2012/9/20,18318.87,19818.82813,1841.75,1875.182983
2012/10/20,18554.15,19407.75195,1844.35,1858.965088
2012/11/20,18247.76,19204.35742,1842,1848.949341
2012/12/20,18029.36,18980.07227,0,0
12/13/20,18803.44,18751.48438,0,0
12/14/20,19164.48,18974.79102,1831.15,1845.561035
12/15/20,19276.59,19355.22656,1850.65,1840.299316
12/16/20,19439.75,19659.27148,1851.95,1851.42688
12/17/20,21379.48,19891.91211,1890.75,1861.103027
12/18/20,22847.46,20924.20508,1879.75,1888.960449
12/19/20,23150.79,22372.43555,0,0
12/20/20,23869.92,23409.01953,0,0
12/21/20,23490.58,24249.99805,1880,1895.747192
12/22/20,22745.48,24444.45117,1877.1,1892.424683
12/23/20,23824.99,24036.37891,1875,1885.901733
12/24/20,23253.37,24269.81836,0,0
12/25/20,23715.53,24196.90039,0,0
12/26/20,24693.58,24357.55469,0,0
12/27/20,26443.21,24985.99219,0,0
12/28/20,26246.58,26317.49414,0,0
12/29/20,27036.69,27001.29492,1874.3,1881.072998
12/30/20,27376.37,27653.31055,1887.6,1879.632446
12/31/20,28856.59,28123.9707,0,0
2001/1/21,28982.56,29134.02539,0,0
2001/2/21,29393.75,29753.5293,0,0
2001/3/21,32195.46,30208.2793,0,0
2001/4/21,33000.78,32020.12305,1943.2,1889.094849
2001/5/21,32035.03,33517.78125,1940.35,1930.934692
2001/6/21,34046.67,33518.76563,1931.95,1950.803223
2001/7/21,36860.41,34508.82031,1920.1,1946.063965
2001/8/21,39486.04,36802.27344,1862.9,1929.870361
2001/9/21,40670.25,39624.30078,0,0
2001/10/21,40240.72,41554.29688,0,0
2001/11/21,38240.09,41768.32031,1847.25,1884.572632
2001/12/21,35544.94,40164.70703,1841.25,1854.459595
1/13/21,34011.82,37523.33984,1858.85,1846.201782
1/14/21,37393.13,35458.36719,1841.75,1862.518799
1/15/21,39158.47,36989.1875,1839,1865.755981
1/16/21,36828.52,39231.38672,0,0
1/17/21,36065.2,38610.34766,0,0
1/18/21,35793.01,37459.86719,1833.05,1863.186523
1/19/21,36632.35,36711.84766,1834.7,1856.69873
1/20/21,36020.13,37004.19531,1856.6,1853.526001
1/21/21,35538.98,36838.50781,1862.1,1865.829834
1/22/21,30797.88,36411.56641,1852.7,1876.393433
1/23/21,33002.38,33160.34375,0,0
1/24/21,32099.74,32967.19531,0,0
1/25/21,32276.84,32696.28906,1856.85,1872.869263
1/26/21,32243.26,32740.26758,1856.6,1869.751831
1/27/21,32541.8,32791.14063,1843,1867.583862
1/28/21,30419.17,32999.37109,1853.7,1858.145996
1/29/21,33403.17,31793.43945,1863.8,1859.896484
1/30/21,34314.26,32932.53516,0,0
1/31/21,34318.1,34296.04297,0,0
2002/1/21,33136.46,34923.64844,1862.95,1869.705444
2002/2/21,33522.9,34323.43359,1833.1,1874.885742
2002/3/21,35529.66,34149.10938,1835.45,1856.98999
2002/4/21,37676.25,35401.92188,1785.9,1846.719482
2002/5/21,37002.09,37507.02344,1802.95,1814.219482
2002/6/21,38278.61,38019.48438,0,0
2002/7/21,39323.26,38834.52734,0,0
2002/8/21,38928.1,39836.18359,1835.25,1808.671387
2002/9/21,46364.3,39933.69141,1839.6,1833.679077
2002/10/21,46589.58,44994.32031,1842.65,1854.060303
2002/11/21,44878.17,47497.65234,1840.1,1862.312378
2002/12/21,48013.38,46646.55078,1816.35,1859.421265
2/13/21,47471.4,48187.33594,0,0
2/14/21,47185.19,48411.01172,0,0
2/15/21,48720.37,48096.26953,1817.3,1839.309204
2/16/21,47951.85,49084.14063,1794.25,1827.496948
2/17/21,49160.1,48888.62109,1780.7,1810.770264
2/18/21,52118.23,49611.16406,1773.15,1795.981934
2/19/21,51608.15,52126.14063,1786.2,1787.392944
2/20/21,55916.5,52492.125,0,0
2/21/21,56001.2,55648.96484,0,0
2/22/21,57487.86,56589.78125,1807.45,1794.574585
2/23/21,54123.4,57630.20313,1799.65,1814.753052
2/24/21,48880.43,54968.47656,1788,1821.041016
2/25/21,50624.84,49852.01172,1779.65,1812.205811
2/26/21,46800.42,50024.51563,1742.85,1798.831421
2/27/21,46340.31,47743.5625,0,0
2/28/21,46155.87,46754.86328,0,0
2003/1/21,45113.92,46534.71484,1734.15,1769.618164
2003/2/21,49618.43,45787.78906,1723.85,1749.341187
2003/3/21,48356.04,48898.42969,1711.4,1737.984985
2003/4/21,50477.7,49143.57813,1712.1,1729.515991
2003/5/21,48448.91,50445.95703,1696.25,1728.239868
2003/6/21,48861.38,49214.29297,0,0
2003/7/21,48881.59,48915.85547,0,0
2003/8/21,51169.7,48949.91016,1687.05,1720.977295
2003/9/21,52299.33,50804.41797,1716.9,1711.299316
2003/10/21,54881.52,52365.71484,1716.2,1723.137085
2003/11/21,55997.23,54722.60938,1724.25,1732.654175
2003/12/21,57764,56147.41797,1704.8,1739.978516
3/13/21,57253.28,57670.53906,0,0
3/14/21,61258.73,57448.625,0,0
3/15/21,59133.47,60460.67188,1723.65,1730.060669
3/16/21,55754.72,59479.29297,1735,1731.032593
3/17/21,56872.38,56078.80078,1729.65,1739.613892
3/18/21,58913,56224.24219,1725.9,1741.569824
3/19/21,57665.9,58377.42969,1735.2,1738.197388
3/20/21,58075.1,57993.85938,0,0
3/21/21,58085.8,57988.71094,0,0
3/22/21,57411.17,57955.12891,1736.15,1740.436035
3/23/21,54204.96,57340.59375,1726.2,1743.131958
3/24/21,54477.46,54510.72266,1730.5,1738.672974
3/25/21,52508.23,54057.37891,1737.3,1737.622559
3/26/21,51415.92,52673.29688,1731.8,1742.079834
3/27/21,55074.47,51524.05469,0,0
3/28/21,55863.93,54285.75781,0,0
3/29/21,55783.71,55911.51172,1705.95,1742.36731
3/30/21,57627.67,55989.98438,1683.95,1726.739136
3/31/21,58730.13,57221.02344,1691.05,1703.924683
2004/1/21,58735.25,58368.98047,1726.05,1696.906128
2004/2/21,58736.92,58505.47656,0,0
2004/3/21,59031.32,58383.125,0,0
2004/4/21,57076.49,58570.80469,0,0
2004/5/21,58206.55,57025.22266,0,0
2004/6/21,59054.1,57591.91406,1744.65,1718.386719
2004/7/21,58020.46,58646.77344,1738.05,1746.419067
2004/8/21,55947.27,58034,1755.5,1756.296265
2004/9/21,58048.59,56026.50391,1741.2,1764.80957
2004/10/21,58102.58,57288.65625,0,0
2004/11/21,59774,57895.98047,0,0
2004/12/21,59964.87,59334.86719,1732.85,1757.938477
4/13/21,59834.74,59751.05078,1747.95,1745.212524
4/14/21,63554.44,59525.55859,1735.55,1746.730347
4/15/21,62969.12,62498.23047,1757.2,1743.853271
4/16/21,63252.63,62692.30859,1774.45,1754.90625
4/17/21,61455.98,62615.99609,0,0
4/18/21,60087.09,60965.43359,0,0
4/19/21,56251.48,59453.47266,1774.5,1773.540405
4/20/21,55703.14,56111.4375,1777.85,1783.300293
4/21/21,56507.91,55144.50391,1798.2,1786.700439
4/22/21,53808.8,56029.76953,1787.75,1797.924072
4/23/21,51731.71,54247.85156,1781.8,1797.419189
4/24/21,51153.13,51999.29688,0,0
4/25/21,50110.53,51050.34375,0,0
4/26/21,49075.58,50189.35156,1773.35,1790.568726
4/27/21,54056.64,49245.76953,1784.15,1781.311157
4/28/21,55071.46,52952.57813,1772.2,1784.067627
4/29/21,54884.1,55089.42969,1762.65,1781.764771
4/30/21,53584.15,55151.75,1767.65,1774.932495
2005/1/21,57796.62,53759.93359,0,0
2005/2/21,57857.5,56667.12891,0,0
2005/3/21,56610.46,57726.80469,0,0
2005/4/21,57213.33,56713.22656,1797.75,1774.826294
2005/5/21,53241.72,56790.23438,1782.25,1794.879272
2005/6/21,57473.23,53669.30859,1813.15,1798.760498
2005/7/21,56428.16,56316.94531,1836.55,1814.74707
2005/8/21,57380.27,56602.10938,0,0
2005/9/21,58928.81,57234.34375,0,0
2005/10/21,58280.73,58594.76953,1840.45,1837.166138
2005/11/21,55883.5,58291.92188,1829.1,1848.619751
2005/12/21,56750,56023.03125,1830.7,1842.07019
5/13/21,49007.09,56150.12891,1821.8,1835.344116
5/14/21,49702.27,50149.17969,1838.1,1827.057861
5/15/21,49922.52,49122.57422,0,0
5/16/21,46736.58,49678.24219,0,0
5/17/21,46441.64,47635.66016,1853.7,1834.322388
5/18/21,43596.24,46706.09766,1866.75,1851.355713
5/19/21,42912.19,44431.86328,1888.45,1868.950928
5/20/21,36964.27,43205.66406,1878.3,1889.212524
5/21/21,40784.32,38721.20313,1875.9,1890.121582
5/22/21,37280.35,39755.19141,0,0
5/23/21,37528.3,38297.03125,0,0
5/24/21,34754.54,37784.01953,1880.15,1883.701782
5/25/21,38728.59,35853.05078,1887,1881.987183
5/26/21,38410.5,37666.85938,1899.75,1887.062622
5/27/21,39266.04,38586.92578,1891.45,1899.239014
5/28/21,38445.29,39426.50781,1899.95,1900.533691
5/29/21,35689.62,39135.39453,0,0
5/30/21,34647.67,37030.24609,0,0
5/31/21,35684.59,35404.21484,0,0
2006/1/21,37310.54,35577.99219,1899.35,1904.413696
2006/2/21,36662.64,36997.20313,1902.75,1906.154663
2006/3/21,37585.24,37327.25781,1866.55,1908.730957
2006/4/21,39188.59,37944.33984,1890.6,1887.001343
2006/5/21,36885.51,39262.15625,0,0
2006/6/21,35530.38,38262.60156,0,0
2006/7/21,35816.17,36715.21094,1888.4,1890.132568
2006/8/21,33514.87,36268.94531,1893.15,1896.122437
2006/9/21,33450.19,34764.51953,1894.6,1902.830688
2006/10/21,37338.36,34074.94141,1888.65,1906.593628
2006/11/21,36704.57,36428.26563,1881.05,1903.297241
2006/12/21,37313.18,37368.83594,0,0
6/13/21,35494.9,37955.92969,0,0
6/14/21,39066.82,36876.69141,1865.6,1895.465698
6/15/21,40525.8,38603.37891,1865.1,1881.847656
6/16/21,40188.56,40573.32422,1860.75,1875.87561
6/17/21,38324.87,41097.37109,1778.7,1873.408569
6/18/21,38068.04,39792.01563,1773.1,1822.744995
6/19/21,35729.82,38923.71875,0,0
6/20/21,35524.17,37096.75391,0,0
6/21/21,35592.35,36239.73438,1775.05,1791.549438
6/22/21,31686.55,36112.66797,1775.05,1786.630859
6/23/21,32447.59,33665.30078,1791.6,1792.692383
6/24/21,33674.66,32951.73828,1784.85,1808.936523
6/25/21,34639.38,33633.88281,1786.65,1813.49585
6/26/21,31640.58,34727.45703,0,0
6/27/21,32160.91,33334.34766,0,0
6/28/21,34644.45,32764.66406,1780.3,1812.204956
6/29/21,34456.67,34157.35938,1755.45,1804.447388
6/30/21,35847.7,34892.75781,1763.15,1783.232178
2007/1/21,35047.36,36014.25781,1781.5,1775.286377
2007/2/21,33536.88,35980.82813,1786.15,1785.813843
2007/3/21,33856.86,34839.6875,0,0
2007/4/21,34688.98,34453.04688,0,0
2007/5/21,35309.3,34936.05078,1791.35,1797.360962
2007/6/21,33747.97,35671.99609,1809.85,1805.162476
2007/7/21,34211.01,35015.14453,1804.65,1817.668701
2007/8/21,33839.04,34875.20703,1807.7,1819.377197
2007/9/21,32877.41,34632.91406,1806,1818.222412
2007/10/21,33818.52,33920.75781,0,0
2007/11/21,33515.57,34173.50391,0,0
2007/12/21,34227.64,34210.42188,1792.4,1815.194092
7/13/21,33158.25,34659.1875,1813.85,1805.026855
7/14/21,32686.56,34211.12891,1823.2,1812.65979
7/15/21,32814.61,33616.02734,1823.75,1825.937256
7/16/21,31738.59,33427.48047,1824.3,1833.147217
7/17/21,31421.25,32739.03711,0,0
7/18/21,31520.66,32210.47266,0,0
7/19/21,31783.49,32078.59766,1814.9,1834.731934
7/20/21,30815.94,32248.7168,1823.05,1827.894653
7/21/21,29790.24,31782.04297,1802.15,1828.150757
7/22/21,32118.06,30885.16992,1799.45,1817.217529
7/23/21,32297.89,31841.96875,1799.6,1809.382568
7/24/21,33581.63,32627.31055,0,0
7/25/21,34279.34,33753.58203,0,0
7/26/21,35365.2,34702.57813,1800.2,1807.867676
7/27/21,37318.14,35743.37891,1800.35,1809.944092
7/28/21,39405.95,37416.63281,1796.6,1812.319702
7/29/21,40002.53,39522.44531,1829.3,1811.290771
7/30/21,40005.93,40756.79688,1825.75,1829.874634
7/31/21,42214.15,41054.42969,0,0
2008/1/21,41659.06,42525.23047,0,0
2008/2/21,40000.46,42751.00781,1811.45,1839.01001
2008/3/21,39193.94,41500.42969,1812.65,1830.797485
2008/4/21,38138,40339.03516,1829.1,1823.488159
2008/5/21,39750.14,39232.08984,1800.75,1830.475586
2008/6/21,40882,39983.53906,1762.9,1819.171265
2008/7/21,42825.95,41258.14844,0,0
2008/8/21,44634.13,43116.35938,0,0
2008/9/21,43816.14,45041.61328,1738.85,1788.133301
2008/10/21,46333.46,44988.02734,1723.35,1758.023926
2008/11/21,45608.37,46482.01172,1743.6,1738.560425
2008/12/21,45611.46,46497.625,1747.4,1746.871948
8/13/21,44417.78,46310.12109,1773.85,1760.878662
8/14/21,47833.98,45329.79688,0,0
8/15/21,47112.19,47498.35156,0,0
8/16/21,47056.41,47933.13672,1786.35,1784.370605
8/17/21,45982.55,47814.81641,1789.45,1802.924072
8/18/21,44648.57,46862.14844,1783.45,1809.093018
8/19/21,44777.86,45492.48047,1782.05,1802.489136
8/20/21,46734.65,45167.95703,1779.05,1793.917969
8/21/21,49327.75,46659.58594,0,0
8/22/21,48932.02,49246.21094,0,0
8/23/21,49335.68,49744.78125,1802,1787.155396
8/24/21,49523.5,49864.60156,1808.45,1798.552002
8/25/21,47744.58,49902.41016,1788.7,1811.634888
8/26/21,48972.09,48498.11328,1786.6,1805.584106
8/27/21,46962.8,48942.26172,1798.5,1797.475952
8/28/21,49056.86,47739.49219,0,0
8/29/21,48897.65,48899.05859,0,0
8/30/21,48806.78,49335.82813,0,0
8/31/21,47074.77,49300.73438,1814.85,1801.011475
2009/1/21,47155.87,47880.04688,1811.8,1815.373901
2009/2/21,48862.76,47417.02344,1812.55,1822.022827
2009/3/21,49329.01,48697.57813,1823.7,1823.178467
2009/4/21,50035.33,49595.78906,0,0
2009/5/21,49947.38,50318.0625,0,0
2009/6/21,51769.06,50361.07813,1821.6,1828.734863
2009/7/21,52677.4,51666.11719,1802.15,1830.25
2009/8/21,46809.17,52785.78516,1786,1817.861938
2009/9/21,46078.38,48409.05859,1788.25,1800.261963
2009/10/21,46368.69,46294.96875,1794.6,1794.274292
