Date,Value,BCHAIN-MKPRU_nextday_predict
9/11/16,621.65,0.0
9/12/16,609.67,0.0
9/13/16,610.92,0.0
9/14/16,608.82,0.0
9/15/16,610.38,0.0
9/16/16,609.11,0.0
9/17/16,607.04,0.0
9/18/16,611.58,0.0
9/19/16,610.19,0.0
9/20/16,608.66,0.0
9/21/16,598.88,0.0
9/22/16,597.42,0.0
9/23/16,594.08,0.0
9/24/16,603.88,0.0
9/25/16,601.74,0.0
9/26/16,598.98,0.0
9/27/16,605.96,0.0
9/28/16,605.67,0.0
9/29/16,603.85,0.0
9/30/16,609.39,0.0
10/1/16,614.82,0.0
10/2/16,612.98,0.0
10/3/16,611.85,0.0
10/4/16,609.62,0.0
10/5/16,607.18,0.0
10/6/16,612.08,0.0
10/7/16,617.21,0.0
10/8/16,614.74,0.0
10/9/16,615.65,0.0
10/10/16,617.54,0.0
10/11/16,614.77,999.194580078125
10/12/16,635.01,999.150390625
10/13/16,635.96,1005.3658447265625
10/14/16,634.02,1011.6543579101562
10/15/16,637.94,1015.3118896484375
10/16/16,641.42,1018.364013671875
10/17/16,638.97,1021.4156494140625
10/18/16,636.29,1022.6889038085938
10/19/16,629.25,1022.1846313476562
10/20/16,627.72,1019.056640625
10/21/16,631.92,1015.6983032226562
10/22/16,655.48,1014.7137451171875
10/23/16,653.25,1022.3704833984375
10/24/16,651.39,1029.2569580078125
10/25/16,655.31,1033.117919921875
10/26/16,651.45,1036.208251953125
10/27/16,682.22,1036.841796875
10/28/16,687.68,1046.6112060546875
10/29/16,685.91,1057.5753173828125
10/30/16,698.0,1064.766845703125
10/31/16,702.0,1072.582763671875
11/1/16,697.01,1079.3948974609375
11/2/16,733.33,1082.11181640625
11/3/16,686.17,1094.6956787109375
11/4/16,683.69,1090.5787353515625
11/5/16,704.79,1082.324462890625
11/6/16,712.0,1082.50634765625
11/7/16,709.96,1087.2890625
11/8/16,708.97,1091.1170654296875
11/9/16,720.93,1093.144287109375
11/10/16,721.5,1097.94970703125
11/11/16,715.45,1102.16796875
11/12/16,703.71,1102.8756103515625
11/13/16,702.28,1098.5399169921875
11/14/16,706.46,1093.719482421875
11/15/16,710.91,1091.6575927734375
11/16/16,711.73,1092.44775390625
11/17/16,736.96,1094.02587890625
11/18/16,747.52,1103.5634765625
11/19/16,748.98,1115.7119140625
11/20/16,729.06,1125.160888671875
11/21/16,738.53,1124.32763671875
11/22/16,736.97,1124.0277099609375
11/23/16,741.63,1123.46044921875
11/24/16,737.45,1124.490966796875
11/25/16,735.64,1124.259033203125
11/26/16,733.67,1123.1607666015625
11/27/16,727.96,1121.5418701171875
11/28/16,727.31,1118.43212890625
11/29/16,732.71,1115.6910400390625
11/30/16,742.69,1115.6943359375
12/1/16,742.05,1119.7105712890625
12/2/16,772.43,1123.331298828125
12/3/16,764.33,1135.626953125
12/4/16,762.97,1143.73291015625
12/5/16,754.63,1147.6207275390625
12/6/16,756.62,1146.386474609375
12/7/16,758.99,1144.7796630859375
12/8/16,769.72,1144.347900390625
12/9/16,770.02,1147.8782958984375
12/10/16,769.08,1151.46630859375
12/11/16,777.0,1153.615966796875
12/12/16,777.0,1157.291748046875
12/13/16,777.99,1160.2161865234375
12/14/16,774.89,1162.314453125
12/15/16,776.75,1162.4962158203125
12/16/16,775.88,1162.6962890625
12/17/16,788.7,1162.546875
12/18/16,788.4,1166.5433349609375
12/19/16,788.67,1170.2979736328125
12/20/16,793.09,1172.860595703125
12/21/16,824.21,1175.7291259765625
12/22/16,834.97,1187.973876953125
12/23/16,901.31,1202.3995361328125
12/24/16,891.61,1234.592529296875
12/25/16,892.6,1258.163818359375
12/26/16,897.33,1272.0931396484375
12/27/16,930.37,1280.5
12/28/16,930.34,1295.5723876953125
12/29/16,963.38,1307.5777587890625
12/30/16,952.15,1325.75927734375
12/31/16,958.12,1336.0804443359375
1/1/17,997.72,1342.894775390625
1/2/17,1015.97,1359.67626953125
1/3/17,1013.42,1379.78759765625
1/4/17,1126.76,1393.436767578125
1/5/17,994.67,1438.5198974609375
1/6/17,999.65,1433.709228515625
1/7/17,896.83,1418.5164794921875
1/8/17,908.14,1371.458740234375
1/9/17,910.49,1334.6190185546875
1/10/17,906.05,1313.16455078125
1/11/17,785.22,1301.2435302734375
1/12/17,780.92,1255.939697265625
1/13/17,826.29,1214.75830078125
1/14/17,817.91,1202.8712158203125
1/15/17,819.55,1199.947265625
1/16/17,830.5,1200.8719482421875
1/17/17,903.84,1206.1702880859375
1/18/17,906.6,1235.074462890625
1/19/17,895.798875,1262.0670166015625
1/20/17,893.6210875,1276.23876953125
1/21/17,895.64,1281.6522216796875
1/22/17,918.603625,1283.6002197265625
1/23/17,922.0736125,1291.5318603515625
1/24/17,919.97,1299.6929931640625
1/25/17,893.045625,1304.62109375
1/26/17,915.95625,1298.264404296875
1/27/17,915.05,1298.499267578125
1/28/17,920.31225,1300.21337890625
1/29/17,915.933,1303.521484375
1/30/17,912.19,1304.791748046875
1/31/17,964.706075,1303.8856201171875
2/1/17,979.703875,1320.029052734375
2/2/17,983.42,1340.5841064453125
2/3/17,1013.027,1356.91162109375
2/4/17,1030.999413,1376.63916015625
2/5/17,1034.07,1396.8741455078125
2/6/17,1024.01375,1411.693115234375
2/7/17,1050.11,1416.8892822265625
2/8/17,1052.84,1426.437744140625
2/9/17,976.103,1434.967529296875
2/10/17,999.1035,1414.967041015625
2/11/17,997.59,1401.3448486328125
2/12/17,1000.604625,1393.3778076171875
2/13/17,999.877375,1390.4525146484375
2/14/17,1001.2,1389.5977783203125
2/15/17,1012.325988,1390.0286865234375
2/16/17,1035.208125,1394.3575439453125
2/17/17,1035.2,1405.91455078125
2/18/17,1056.637138,1415.6630859375
2/19/17,1052.779286,1428.845458984375
2/20/17,1050.87,1437.3956298828125
2/21/17,1123.788429,1441.248779296875
2/22/17,1123.223188,1466.792236328125
2/23/17,1130.01,1489.73291015625
2/24/17,1174.86625,1506.7490234375
2/25/17,1150.605714,1531.6300048828125
2/26/17,1150.37,1542.467041015625
2/27/17,1190.75195,1545.8880615234375
2/28/17,1187.565286,1559.6903076171875
3/1/17,1190.89,1570.709228515625
3/2/17,1259.410817,1578.4775390625
3/3/17,1285.14,1605.77685546875
3/4/17,1287.0,1638.05908203125
3/5/17,1270.9333,1661.753173828125
3/6/17,1275.197375,1670.0360107421875
3/7/17,1279.5,1672.9034423828125
3/8/17,1157.3933,1674.7747802734375
3/9/17,1192.469143,1634.769287109375
3/10/17,1192.09,1608.359619140625
3/11/17,1179.159875,1594.0472412109375
3/12/17,1227.494625,1583.20947265625
3/13/17,1227.68,1592.9945068359375
3/14/17,1245.370786,1605.2161865234375
3/15/17,1257.399625,1620.0146484375
3/16/17,1257.0,1634.7103271484375
3/17/17,1091.171888,1644.4034423828125
3/18/17,952.2323625,1594.0421142578125
3/19/17,967.69,1497.7728271484375
3/20/17,1049.084488,1425.6917724609375
3/21/17,1118.630043,1410.293701171875
3/22/17,1113.0,1438.154541015625
3/23/17,1038.789,1466.923095703125
3/24/17,941.9197143,1462.1041259765625
3/25/17,927.93,1417.75634765625
3/26/17,956.7863125,1372.4990234375
3/27/17,1037.22925,1351.06689453125
3/28/17,1041.04,1369.4896240234375
3/29/17,1040.5755,1394.0484619140625
3/30/17,1037.90455,1412.252197265625
3/31/17,1034.74,1422.09716796875
4/1/17,1086.929571,1425.5048828125
4/2/17,1099.169125,1443.4034423828125
4/3/17,1079.99,1463.507080078125
4/4/17,1141.600363,1471.314453125
4/5/17,1133.079314,1493.828369140625
4/6/17,1133.53,1510.2510986328125
4/7/17,1190.45425,1519.85498046875
4/8/17,1181.149838,1543.5474853515625
4/9/17,1184.03,1560.2744140625
4/10/17,1207.744875,1570.6461181640625
4/11/17,1226.617038,1583.9049072265625
4/12/17,1219.09,1599.94091796875
4/13/17,1180.023713,1608.9661865234375
4/14/17,1185.260057,1600.1007080078125
4/15/17,1170.36,1591.079833984375
4/16/17,1186.927413,1579.954833984375
4/17/17,1205.634875,1577.3592529296875
4/18/17,1176.97,1584.12451171875
4/19/17,1217.930088,1581.6021728515625
4/20/17,1241.686325,1591.093017578125
4/21/17,1236.63,1608.6651611328125
4/22/17,1261.311225,1620.9307861328125
4/23/17,1257.988113,1636.009521484375
4/24/17,1240.84,1645.784912109375
4/25/17,1279.414688,1645.14892578125
4/26/17,1309.109875,1654.8287353515625
4/27/17,1288.02,1674.0380859375
4/28/17,1331.294429,1682.4022216796875
4/29/17,1334.979038,1699.6732177734375
4/30/17,1333.0,1714.9375
5/1/17,1417.172813,1723.9774169921875
5/2/17,1452.076288,1756.7315673828125
5/3/17,1447.55,1796.848876953125
5/4/17,1508.292125,1824.208984375
5/5/17,1533.335071,1859.75341796875
5/6/17,1518.75,1894.255615234375
5/7/17,1535.868429,1912.1109619140625
5/8/17,1640.619225,1925.4552001953125
5/9/17,1651.1,1968.74609375
5/10/17,1762.88625,2009.1595458984375
5/11/17,1820.990563,2073.5673828125
5/12/17,1829.0,2142.880859375
5/13/17,1771.920013,2193.171630859375
5/14/17,1776.3165,2202.099365234375
5/15/17,1780.0,2198.711181640625
5/16/17,1739.031975,2194.35009765625
5/17/17,1807.485063,2176.95849609375
5/18/17,1783.98,2185.38916015625
5/19/17,1961.520488,2189.596923828125
5/20/17,2052.909788,2252.336669921875
5/21/17,2008.84,2340.960693359375
5/22/17,2090.662313,2391.387451171875
5/23/17,2287.710288,2443.401611328125
5/24/17,2256.32,2546.788818359375
5/25/17,2387.206286,2617.330322265625
5/26/17,2211.976857,2701.3583984375
5/27/17,2279.82,2698.606201171875
5/28/17,2192.9808,2698.491943359375
5/29/17,2275.9307,2668.336181640625
5/30/17,2290.02,2669.714111328125
5/31/17,2285.933914,2683.399658203125
6/1/17,2399.242671,2694.127685546875
6/2/17,2409.93,2740.345703125
6/3/17,2525.765158,2783.541259765625
6/4/17,2516.173143,2852.11572265625
6/5/17,2529.53,2900.154541015625
6/6/17,2883.313697,2931.176513671875
6/7/17,2664.920863,3072.982177734375
6/8/17,2683.03,3115.428466796875
6/9/17,2827.4913,3125.06787109375
6/10/17,2845.372857,3174.681640625
6/11/17,2898.63,3223.0029296875
6/12/17,2657.675063,3273.30810546875
6/13/17,2748.185086,3219.946533203125
6/14/17,2706.0,3192.28564453125
6/15/17,2442.48025,3164.92431640625
6/16/17,2464.959814,3052.857177734375
6/17/17,2477.94,2966.9521484375
6/18/17,2507.389252,2921.308349609375
6/19/17,2617.210263,2911.60791015625
6/20/17,2600.0,2953.23095703125
6/21/17,2671.04325,2987.364990234375
6/22/17,2727.288013,3033.3173828125
6/23/17,2713.48,3086.3564453125
6/24/17,2589.164888,3117.730224609375
6/25/17,2512.366286,3088.309326171875
6/26/17,2502.03,3026.548828125
6/27/17,2517.903114,2974.19775390625
6/28/17,2585.349186,2947.61376953125
6/29/17,2558.3,2960.5400390625
6/30/17,2477.641375,2969.458251953125
7/1/17,2501.191343,2945.999267578125
7/2/17,2421.26,2931.113037109375
7/3/17,2561.225429,2895.0751953125
7/4/17,2599.729838,2915.706298828125
7/5/17,2598.89,2956.979736328125
7/6/17,2609.96775,2989.073486328125
7/7/17,2491.201214,3011.955322265625
7/8/17,2502.86,2982.421875
7/9/17,2536.238938,2954.1787109375
7/10/17,2366.170143,2947.604736328125
7/11/17,2327.09,2888.300048828125
7/12/17,2385.748571,2822.65966796875
7/13/17,2354.783417,2798.57470703125
7/14/17,2338.49,2782.13916015625
7/15/17,2058.9956,2767.673828125
7/16/17,1931.2143,2660.65576171875
7/17/17,1910.96,2522.65673828125
7/18/17,2320.12225,2416.49755859375
7/19/17,2264.7657,2496.019287109375
7/20/17,2265.21,2577.04248046875
7/21/17,2682.195363,2631.779296875
7/22/17,2807.609857,2808.410888671875
7/23/17,2825.51,3000.77734375
7/24/17,2751.821029,3137.703857421875
7/25/17,2560.997917,3187.04638671875
7/26/17,2564.3,3128.98046875
7/27/17,2647.625,3065.447509765625
7/28/17,2781.636583,3051.734130859375
7/29/17,2784.8,3102.797119140625
7/30/17,2745.955417,3153.79736328125
7/31/17,2866.431667,3173.782958984375
8/1/17,2862.9,3222.71484375
8/2/17,2693.633983,3260.435791015625
8/3/17,2794.117717,3221.37890625
8/4/17,2790.0,3213.04638671875
8/5/17,3218.115017,3213.143798828125
8/6/17,3252.562533,3369.361572265625
8/7/17,3210.2,3522.33935546875
8/8/17,3457.374333,3605.951416015625
8/9/17,3357.326317,3733.84521484375
8/10/17,3340.28,3789.955078125
8/11/17,3632.506667,3802.395263671875
8/12/17,3852.802914,3907.27978515625
8/13/17,3868.52,4078.36279296875
8/14/17,4282.992,4210.2177734375
8/15/17,4217.028329,4441.85986328125
8/16/17,4179.97,4587.9765625
8/17/17,4328.725717,4646.87841796875
8/18/17,4130.440067,4720.26806640625
8/19/17,4104.71,4693.15966796875
8/20/17,4157.958033,4643.11865234375
8/21/17,4043.722,4625.72802734375
8/22/17,3986.28,4578.10009765625
8/23/17,4174.95,4519.3037109375
8/24/17,4340.316717,4550.7529296875
8/25/17,4331.77,4653.87451171875
8/26/17,4360.513317,4732.5595703125
8/27/17,4354.308333,4787.96142578125
8/28/17,4339.05,4814.74755859375
8/29/17,4607.98545,4818.578125
8/30/17,4594.98785,4918.60009765625
8/31/17,4582.52,4997.63916015625
9/1/17,4911.740017,5038.0712890625
9/2/17,4580.38748,5182.66845703125
9/3/17,4585.57,5166.7138671875
9/4/17,4344.098317,5123.8544921875
9/5/17,4488.72014,4996.3984375
9/6/17,4385.02,4953.3779296875
9/7/17,4654.6585,4904.11181640625
9/8/17,4310.750183,4976.35107421875
9/9/17,4312.26,4915.943359375
9/10/17,4329.955,4850.14208984375
9/11/17,4248.090017,4813.466796875
9/12/17,4198.59,4764.94189453125
9/13/17,3961.271267,4712.72216796875
9/14/17,3319.63,4588.2646484375
9/15/17,3216.43,4251.46435546875
9/16/17,3763.62604,3952.334228515625
9/17/17,3746.060783,3970.440185546875
9/18/17,3678.53,4049.007080078125
9/19/17,3943.413333,4090.659423828125
9/20/17,3977.561667,4209.0537109375
9/21/17,3894.48,4315.7255859375
9/22/17,3637.50255,4350.00146484375
9/23/17,3776.3869,4258.34423828125
9/24/17,3777.62,4222.7158203125
9/25/17,3942.555,4212.5244140625
9/26/17,3910.307383,4274.173828125
9/27/17,3881.0,4318.7109375
9/28/17,4201.98905,4333.06640625
9/29/17,4193.574667,4456.9072265625
9/30/17,4164.27,4557.98828125
10/1/17,4360.722967,4606.4736328125
10/2/17,4386.88375,4700.2431640625
10/3/17,4394.07,4779.5947265625
10/4/17,4225.175,4829.3134765625
10/5/17,4338.852,4789.01806640625
10/6/17,4318.58,4786.80908203125
10/7/17,4376.191667,4785.4677734375
10/8/17,4602.280883,4806.99169921875
10/9/17,4605.66,4912.7861328125
10/10/17,4782.28,4999.8837890625
10/11/17,4819.485767,5119.49462890625
10/12/17,4822.17,5216.1015625
10/13/17,5563.806567,5272.3291015625
10/14/17,5739.438733,5590.31201171875
10/15/17,5825.99,5916.6416015625
10/16/17,5711.205867,6156.599609375
10/17/17,5603.71294,6238.4521484375
10/18/17,5594.66,6210.08251953125
10/19/17,5727.6335,6164.15771484375
10/20/17,5979.45984,6184.7958984375
10/21/17,5986.44,6313.23486328125
10/22/17,5983.18455,6417.5
10/23/17,5876.079867,6475.4775390625
10/24/17,5900.59,6456.7822265625
10/25/17,5669.622533,6438.7578125
10/26/17,5893.138417,6331.94140625
10/27/17,5889.82,6339.3798828125
10/28/17,5776.69695,6364.50390625
10/29/17,6155.43402,6337.4814453125
10/30/17,6136.49,6465.34228515625
10/31/17,6388.645167,6566.39111328125
11/1/17,6665.306683,6727.24462890625
11/2/17,6751.98,6951.72802734375
11/3/17,7197.72006,7136.3359375
11/4/17,7437.543317,7427.97216796875
11/5/17,7365.99,7725.6357421875
11/6/17,6989.071667,7872.287109375
11/7/17,7092.127233,7765.6015625
11/8/17,7128.64,7697.4189453125
11/9/17,7158.03706,7677.2958984375
11/10/17,6719.39785,7686.98828125
11/11/17,6569.22,7510.53857421875
11/12/17,5716.301583,7308.01220703125
11/13/17,6550.227533,6822.91748046875
11/14/17,6493.63,6826.44482421875
11/15/17,7301.42992,6896.5986328125
11/16/17,7815.0307,7296.96240234375
11/17/17,7868.77,7826.33447265625
11/18/17,7817.140383,8192.4921875
11/19/17,8007.654067,8352.14453125
11/20/17,8049.72,8486.6025390625
11/21/17,8059.8,8574.71875
11/22/17,8268.035,8620.087890625
11/23/17,8236.72,8730.880859375
11/24/17,8250.978333,8792.3447265625
11/25/17,8707.407267,8826.041015625
11/26/17,8768.8,9046.126953125
11/27/17,9718.29505,9233.20703125
11/28/17,9952.50882,9772.5791015625
11/29/17,9919.0,10250.6630859375
11/30/17,10147.372,10492.078125
12/1/17,10883.912,10691.1982421875
12/2/17,10879.88,11144.7060546875
12/3/17,11332.622,11429.2197265625
12/4/17,11584.83,11779.4052734375
12/5/17,11591.22,12100.0009765625
12/6/17,13540.98,12266.2568359375
12/7/17,16501.97167,13330.6640625
12/8/17,16860.88,15629.9443359375
12/9/17,15142.83415,17192.818359375
12/10/17,14869.805,16814.474609375
12/11/17,15068.95,16226.1796875
12/12/17,17276.39333,16026.080078125
12/13/17,16808.36667,17253.38671875
12/14/17,16252.31,17716.14453125
12/15/17,17771.9,17509.435546875
12/16/17,19498.68333,18244.013671875
12/17/17,19279.9,19723.314453125
12/18/17,18961.85667,20294.291015625
12/19/17,17737.11167,20218.01953125
12/20/17,17382.94,19324.34375
12/21/17,16047.51,18657.736328125
12/22/17,15190.945,17572.248046875
12/23/17,13776.61,16566.38671875
12/24/17,13949.175,15308.6455078125
12/25/17,14119.02833,14808.1982421875
12/26/17,13740.94,14734.05078125
12/27/17,15589.32167,14537.8466796875
12/28/17,14380.58167,15461.7939453125
12/29/17,14214.01,15351.3759765625
12/30/17,13215.574,15088.28515625
12/31/17,14165.575,14380.7197265625
1/1/18,13796.0,14513.9267578125
1/2/18,15005.85667,14476.4462890625
1/3/18,15053.26167,15124.4775390625
1/4/18,15039.24,15557.75390625
1/5/18,17174.12,15740.533203125
1/6/18,17319.198,17031.201171875
1/7/18,17155.95,17855.62109375
1/8/18,15265.90667,18078.193359375
1/9/18,14714.25333,16971.82421875
1/10/18,14437.42,16034.7041015625
1/11/18,13296.794,15467.203125
1/12/18,13912.882,14609.2060546875
1/13/18,13791.19,14522.1240234375
1/14/18,13852.92,14497.740234375
1/15/18,14012.196,14533.431640625
1/16/18,13554.14,14642.962890625
1/17/18,11116.94667,14448.3310546875
1/18/18,11345.42333,13004.177734375
1/19/18,11174.82,12271.0400390625
1/20/18,12950.79333,11883.927734375
1/21/18,11505.228,12647.50390625
1/22/18,11513.42,12469.396484375
1/23/18,11223.064,12268.689453125
1/24/18,11282.25833,12007.4287109375
1/25/18,11392.03,11894.0966796875
1/26/18,10969.815,11913.7470703125
1/27/18,11524.77667,11736.33203125
1/28/18,11431.37,11900.0341796875
1/29/18,11212.655,11991.56640625
1/30/18,10184.06167,11925.9921875
1/31/18,10082.52,11358.2587890625
2/1/18,9083.258333,10940.640625
2/2/18,8901.901667,10255.2373046875
2/3/18,8852.73,9765.1953125
2/4/18,8400.648333,9502.005859375
2/5/18,6838.816667,9187.1044921875
2/6/18,6925.46,8304.171875
2/7/18,8099.958333,7753.52685546875
2/8/18,8240.536667,7995.69775390625
2/9/18,8245.08,8349.005859375
2/10/18,8319.876566,8589.3984375
2/11/18,8343.455,8745.13671875
2/12/18,8068.02,8829.671875
2/13/18,8597.7675,8740.9609375
2/14/18,9334.633333,8898.5390625
2/15/18,9471.64,9369.625
2/16/18,10127.16167,9763.6484375
2/17/18,10841.99167,10286.0947265625
2/18/18,11085.83,10944.833984375
2/19/18,11110.965,11451.982421875
2/20/18,11390.39167,11714.0234375
2/21/18,11245.98,11951.7802734375
2/22/18,9931.071667,11998.3056640625
2/23/18,10162.11667,11339.0947265625
2/24/18,10171.3,11000.5791015625
2/25/18,9696.593333,10863.06640625
2/26/18,10348.60333,10592.1650390625
2/27/18,10319.46,10740.2333984375
2/28/18,10370.165,10870.15234375
3/1/18,11009.38167,10964.4833984375
3/2/18,10931.12,11319.67578125
3/3/18,11326.94833,11510.5546875
3/4/18,11430.18167,11782.849609375
3/5/18,11516.83,11987.869140625
3/6/18,10763.19833,12127.8173828125
3/7/18,10118.058,11810.0966796875
3/8/18,9920.46,11256.5361328125
3/9/18,9089.278333,10829.71484375
3/10/18,8746.002,10218.384765625
3/11/18,8777.37,9700.70703125
3/12/18,9182.843333,9442.7490234375
3/13/18,9154.7,9528.6630859375
3/14/18,9153.54,9624.439453125
3/15/18,8358.121667,9683.619140625
3/16/18,8530.402,9342.365234375
3/17/18,8297.89,9163.080078125
3/18/18,8171.415,8978.3046875
3/19/18,8412.033333,8817.3173828125
3/20/18,8605.64,8839.947265625
3/21/18,8947.753333,8974.8994140625
3/22/18,8690.408333,9231.98046875
3/23/18,8725.37,9285.177734375
3/24/18,8662.378333,9298.4208984375
3/25/18,8617.296667,9269.337890625
3/26/18,8457.96,9225.4072265625
3/27/18,7876.195,9126.1435546875
3/28/18,7960.38,8798.4951171875
3/29/18,7950.61,8612.1748046875
3/30/18,6882.531667,8524.2509765625
3/31/18,6935.48,8021.73974609375
4/1/18,6937.56,7685.384765625
4/2/18,7035.848333,7515.3681640625
4/3/18,7410.435,7489.427734375
4/4/18,7426.48,7664.9560546875
4/5/18,6826.51,7816.591796875
4/6/18,6603.876667,7644.24072265625
4/7/18,6634.68,7387.5361328125
4/8/18,7017.656667,7230.33935546875
4/9/18,6699.273333,7317.51806640625
4/10/18,6784.41,7282.74609375
4/11/18,6926.266667,7278.72802734375
4/12/18,7847.845,7343.10791015625
4/13/18,7941.46,7791.94091796875
4/14/18,8036.511051,8176.92724609375
4/15/18,8340.748333,8436.3173828125
4/16/18,8368.1,8698.564453125
4/17/18,7895.416926,8861.3056640625
4/18/18,8164.937426,8723.6669921875
4/19/18,8175.96,8710.7001953125
4/20/18,8852.718333,8727.7763671875
4/21/18,8807.205,9049.33984375
4/22/18,8930.6,9269.4013671875
4/23/18,8933.861667,9435.94140625
4/24/18,9555.542,9520.8388671875
4/25/18,9658.11,9840.5751953125
4/26/18,9258.398333,10107.1865234375
4/27/18,9010.32,10058.9658203125
4/28/18,8928.55,9861.546875
4/29/18,9334.281667,9684.7353515625
4/30/18,9259.57,9774.9208984375
5/1/18,9239.55,9834.6904296875
5/2/18,9221.426,9855.8623046875
5/3/18,9639.268333,9851.91015625
5/4/18,9753.35,10039.578125
5/5/18,9803.306667,10228.5869140625
5/6/18,9630.136277,10357.751953125
5/7/18,9631.44,10335.4384765625
5/8/18,9228.608333,10296.951171875
5/9/18,9322.041667,10079.8974609375
5/10/18,9310.37,9974.505859375
5/11/18,8468.788,9926.6279296875
5/12/18,8484.346667,9518.580078125
5/13/18,8463.52,9241.5693359375
5/14/18,8652.038333,9093.859375
5/15/18,8511.458,9118.720703125
5/16/18,8471.06,9100.0849609375
5/17/18,8106.118333,9065.8056640625
5/18/18,8240.055,8877.9169921875
5/19/18,8239.08,8804.513671875
5/20/18,8507.406667,8780.3046875
5/21/18,8385.556187,8897.431640625
5/22/18,8396.63,8935.771484375
5/23/18,7555.74,8951.041015625
5/24/18,7566.193333,8577.828125
5/25/18,7576.78,8303.06640625
5/26/18,7342.908333,8163.25048828125
5/27/18,7361.831667,8005.22216796875
5/28/18,7344.56,7921.20703125
5/29/18,7459.876667,7879.43994140625
5/30/18,7385.395,7914.7373046875
5/31/18,7386.72,7918.5595703125
6/1/18,7535.146667,7916.8642578125
6/2/18,7645.146667,7979.6845703125
6/3/18,7637.14,8076.8662109375
6/4/18,7500.273333,8137.61181640625
6/5/18,7615.722142,8107.12353515625
6/6/18,7619.43,8123.3193359375
6/7/18,7676.271667,8142.64306640625
6/8/18,7620.153333,8180.421875
6/9/18,7615.54,8181.94677734375
6/10/18,6776.888333,8174.9345703125
6/11/18,6875.678333,7803.73291015625
6/12/18,6879.31,7564.73193359375
6/13/18,6315.7,7446.5029296875
6/14/18,6647.013333,7160.740234375
6/15/18,6637.41,7101.64013671875
6/16/18,6509.426667,7104.5693359375
6/17/18,6464.411667,7066.70703125
6/18/18,6445.79,7018.3427734375
6/19/18,6737.0,6979.29736328125
6/20/18,6714.718333,7079.99365234375
6/21/18,6760.83,7158.6357421875
6/22/18,6332.573333,7222.33740234375
6/23/18,6141.605833,7076.81396484375
6/24/18,6170.46,6869.9814453125
6/25/18,6211.4475,6744.95654296875
6/26/18,6218.595,6702.55615234375
6/27/18,6097.46,6697.8369140625
6/28/18,6107.896154,6654.10302734375
6/29/18,5908.7025,6625.54541015625
6/30/18,6223.28,6529.30224609375
7/1/18,6374.754167,6587.7275390625
7/2/18,6466.069167,6716.8427734375
7/3/18,6626.44,6848.8740234375
7/4/18,6593.289167,6997.265625
7/5/18,6603.376667,7075.98291015625
7/6/18,6555.51,7113.5458984375
7/7/18,6594.281667,7107.025390625
7/8/18,6753.559167,7110.35986328125
7/9/18,6724.04,7181.2177734375
7/10/18,6510.791667,7224.65869140625
7/11/18,6377.363333,7155.95654296875
7/12/18,6403.18,7037.12060546875
7/13/18,6244.3575,6966.2333984375
7/14/18,6241.0,6866.0390625
7/15/18,6248.84,6799.17578125
7/16/18,6514.390833,6768.58935546875
7/17/18,6869.910833,6868.2822265625
7/18/18,7321.62,7104.0634765625
7/19/18,7396.401667,7466.2900390625
7/20/18,7428.045,7741.18212890625
7/21/18,7334.99,7900.740234375
7/22/18,7451.289167,7930.17041015625
7/23/18,7689.884167,7971.17529296875
7/24/18,7715.1,8099.65673828125
7/25/18,8251.165,8202.2509765625
7/26/18,8187.324167,8494.98828125
7/27/18,7939.81,8672.4921875
7/28/18,8182.251667,8644.4287109375
7/29/18,8206.341667,8697.7109375
7/30/18,8220.91,8750.9169921875
7/31/18,7916.800833,8787.67578125
8/1/18,7570.869167,8668.9443359375
8/2/18,7607.7,8418.6630859375
8/3/18,7394.499167,8265.3740234375
8/4/18,7247.769167,8097.94921875
8/5/18,7011.28,7934.3349609375
8/6/18,6988.079167,7736.5986328125
8/7/18,6993.513333,7604.1103515625
8/8/18,6718.23,7539.66748046875
8/9/18,6396.7725,7396.78515625
8/10/18,6396.494667,7161.7158203125
8/11/18,6138.96,7003.90625
8/12/18,6311.131667,6815.56591796875
8/13/18,6347.07,6769.439453125
8/14/18,6252.13,6784.830078125
8/15/18,6362.676923,6768.73388671875
8/16/18,6342.629231,6800.37744140625
8/17/18,6312.75,6821.02978515625
8/18/18,6436.720833,6819.79345703125
8/19/18,6404.063333,6867.0439453125
8/20/18,6486.58,6891.9482421875
8/21/18,6401.246154,6938.1640625
8/22/18,6575.229167,6935.03759765625
8/23/18,6354.57,6997.2392578125
8/24/18,6543.645714,6955.177734375
8/25/18,6719.429231,6989.79931640625
8/26/18,6738.27,7099.359375
8/27/18,6719.266154,7188.82080078125
8/28/18,7000.04,7231.33837890625
8/29/18,7078.19,7366.73486328125
8/30/18,6932.6625,7498.55810546875
8/31/18,6981.946154,7514.419921875
9/1/18,7018.78,7522.373046875
9/2/18,7247.935385,7540.029296875
9/3/18,7260.949231,7650.267578125
9/4/18,7265.08,7738.8310546875
9/5/18,7113.069231,7789.40283203125
9/6/18,6433.271667,7745.8984375
9/7/18,6501.19,7410.4296875
9/8/18,6366.1075,7186.2119140625
9/9/18,6286.425833,7013.740234375
9/10/18,6240.98,6887.82861328125
9/11/18,6296.320833,6803.17919921875
9/12/18,6273.1375,6784.09716796875
9/13/18,6326.04,6776.33203125
9/14/18,6499.0625,6796.435546875
9/15/18,6518.655,6886.24755859375
9/16/18,6522.39,6962.44677734375
9/17/18,6400.600833,7007.4990234375
9/18/18,6296.631667,6977.068359375
9/19/18,6342.39,6900.18994140625
9/20/18,6418.562667,6863.57177734375
9/21/18,6669.990833,6881.21533203125
9/22/18,6756.12,7008.83251953125
9/23/18,6710.445,7144.9287109375
9/24/18,6639.304167,7210.3232421875
9/25/18,6583.45,7205.763671875
9/26/18,6468.631667,7165.15234375
9/27/18,6535.476667,7084.7265625
9/28/18,6686.08,7056.66845703125
9/29/18,6550.474167,7113.24072265625
9/30/18,6593.135,7107.1435546875
10/1/18,6611.02,7110.20849609375
10/2/18,6562.641667,7120.92626953125
10/3/18,6470.4025,7108.2880859375
10/4/18,6483.73,7057.21630859375
10/5/18,6568.549167,7024.39990234375
10/6/18,6581.486667,7043.43359375
10/7/18,6573.62,7070.49658203125
10/8/18,6618.567692,7085.42919921875
10/9/18,6621.711667,7111.02783203125
10/10/18,6626.85,7129.57177734375
10/11/18,6248.635833,7141.41064453125
10/12/18,6260.530833,6987.9111328125
10/13/18,6247.0,6869.06005859375
10/14/18,6299.399167,6797.37939453125
10/15/18,6452.571667,6785.572265625
10/16/18,6599.17,6854.93115234375
10/17/18,6596.276154,6975.18994140625
10/18/18,6568.040769,7057.38525390625
10/19/18,6509.61,7087.6689453125
10/20/18,6488.825833,7070.4296875
10/21/18,6531.601667,7041.27392578125
10/22/18,6504.78,7038.828125
10/23/18,6481.426,7031.208984375
10/24/18,6508.31,7016.244140625
10/25/18,6489.77,7017.36328125
10/26/18,6473.753333,7013.53369140625
10/27/18,6465.9175,7003.8017578125
10/28/18,6457.21,6993.55712890625
10/29/18,6382.668333,6983.603515625
10/30/18,6309.452857,6946.40869140625
10/31/18,6301.61,6888.1005859375
11/1/18,6342.280833,6845.40869140625
11/2/18,6387.674167,6839.55810546875
11/3/18,6390.42,6862.42822265625
11/4/18,6391.873333,6883.45556640625
11/5/18,6436.965,6896.68701171875
11/6/18,6437.76,6921.95947265625
11/7/18,6538.79,6939.732421875
11/8/18,6486.251667,6991.31103515625
11/9/18,6444.97,7006.8349609375
11/10/18,6399.033333,6991.99560546875
11/11/18,6378.268333,6957.62646484375
11/12/18,6408.53,6924.22509765625
11/13/18,6372.063333,6916.90625
11/14/18,6176.155,6902.52392578125
11/15/18,5756.77,6811.12646484375
11/16/18,5596.1925,6567.48046875
11/17/18,5558.243333,6324.59423828125
11/18/18,5572.44,6160.67333984375
11/19/18,5303.9425,6082.2705078125
11/20/18,4671.97,5944.29443359375
11/21/18,4491.98,5596.568359375
11/22/18,4548.7975,5269.47802734375
11/23/18,4309.3375,5091.23974609375
11/24/18,4352.98,4918.5751953125
11/25/18,3823.511667,4830.080078125
11/26/18,3920.536667,4590.845703125
11/27/18,3793.35,4445.35693359375
11/28/18,4103.453846,4325.322265625
11/29/18,4263.783333,4372.68359375
11/30/18,4278.77,4502.81103515625
12/1/18,4116.7775,4612.17041015625
12/2/18,4167.546667,4616.3603515625
12/3/18,4140.6,4615.14306640625
12/4/18,3961.493333,4602.69091796875
12/5/18,3858.349167,4524.5126953125
12/6/18,3744.98,4421.828125
12/7/18,3405.643333,4308.83984375
12/8/18,3435.34,4108.24755859375
12/9/18,3453.66,3972.30029296875
12/10/18,3523.96,3906.906494140625
12/11/18,3426.19,3908.129638671875
12/12/18,3407.28,3889.34375
12/13/18,3406.7625,3866.514404296875
12/14/18,3278.374167,3850.934814453125
12/15/18,3242.42,3795.324462890625
12/16/18,3271.238333,3736.990966796875
12/17/18,3392.405,3709.203369140625
12/18/18,3556.54,3743.056396484375
12/19/18,3808.0425,3840.442626953125
12/20/18,3982.850833,4012.35693359375
12/21/18,4135.19,4206.84423828125
12/22/18,3910.973333,4394.9013671875
12/23/18,4027.478333,4428.80859375
12/24/18,3995.17,4458.6865234375
12/25/18,3813.88,4463.6123046875
12/26/18,3825.379167,4392.28662109375
12/27/18,3848.21,4333.955078125
12/28/18,3743.905,4308.1298828125
12/29/18,3912.285833,4260.130859375
12/30/18,3770.36,4288.0703125
12/31/18,3791.545833,4270.076171875
1/1/19,3752.271667,4256.37744140625
1/2/19,3855.88,4233.58544921875
1/3/19,3865.7975,4255.52197265625
1/4/19,3822.626667,4283.2578125
1/5/19,3856.62,4286.06396484375
1/6/19,3920.456667,4294.77294921875
1/7/19,4036.093333,4325.38330078125
1/8/19,4032.25,4393.40771484375
1/9/19,4034.138333,4443.94873046875
1/10/19,3812.585833,4472.96630859375
1/11/19,3646.25,4402.59130859375
1/12/19,3646.345833,4272.5673828125
1/13/19,3599.841667,4175.66943359375
1/14/19,3531.96,4103.51123046875
1/15/19,3656.785,4037.973876953125
1/16/19,3621.270833,4044.32080078125
1/17/19,3621.43,4052.142333984375
1/18/19,3632.395,4058.0712890625
1/19/19,3690.523333,4065.634765625
1/20/19,3703.98,4092.443359375
1/21/19,3548.4275,4119.01953125
1/22/19,3540.02,4077.9697265625
1/23/19,3587.35,4032.87451171875
1/24/19,3566.4,4020.263916015625
1/25/19,3586.25,4011.88916015625
1/26/19,3577.79,4015.181640625
1/27/19,3576.3,4017.133544921875
1/28/19,3554.5,4017.76171875
1/29/19,3448.58,4009.892822265625
1/30/19,3421.6,3963.634765625
1/31/19,3470.0,3915.04150390625
2/1/19,3444.81,3901.011962890625
2/2/19,3475.33,3890.771484375
2/3/19,3506.22,3896.625
2/4/19,3456.02,3915.77880859375
2/5/19,3452.35,3912.81591796875
2/6/19,3467.34,3904.486328125
2/7/19,3405.7,3903.32861328125
2/8/19,3394.76,3881.422607421875
2/9/19,3661.08,3858.465087890625
2/10/19,3664.38,3941.8759765625
2/11/19,3686.29,4022.004638671875
2/12/19,3629.47,4081.451171875
2/13/19,3632.42,4093.706298828125
2/14/19,3614.5,4091.50146484375
2/15/19,3600.31,4079.690185546875
2/16/19,3608.2,4064.402587890625
2/17/19,3619.55,4056.67041015625
2/18/19,3670.74,4057.729248046875
2/19/19,3910.8,4079.6376953125
2/20/19,3926.53,4188.36474609375
2/21/19,3987.18,4284.421875
2/22/19,3944.88,4366.119140625
2/23/19,3983.48,4398.83251953125
2/24/19,4139.6,4422.63720703125
2/25/19,3766.89,4494.29638671875
2/26/19,3848.33,4409.4365234375
2/27/19,3831.45,4350.8486328125
2/28/19,3833.23,4312.2802734375
3/1/19,3850.08,4292.84423828125
3/2/19,3834.62,4291.33056640625
3/3/19,3831.44,4288.86474609375
3/4/19,3814.58,4285.9990234375
3/5/19,3730.98,4277.6728515625
3/6/19,3872.25,4239.5732421875
3/7/19,3876.85,4261.2060546875
3/8/19,3886.82,4290.19091796875
3/9/19,3875.96,4314.31103515625
3/10/19,3950.56,4324.52783203125
3/11/19,3928.17,4355.86083984375
3/12/19,3881.09,4372.08056640625
3/13/19,3892.51,4361.22216796875
3/14/19,3877.77,4352.32958984375
3/15/19,3885.21,4341.38330078125
3/16/19,3936.5,4336.734375
3/17/19,4015.95,4354.5791015625
3/18/19,3994.92,4401.1962890625
3/19/19,3998.77,4429.72998046875
3/20/19,4029.11,4445.40087890625
3/21/19,4056.4,4463.8056640625
3/22/19,3992.34,4486.29150390625
3/23/19,3999.06,4477.14208984375
3/24/19,4011.92,4466.638671875
3/25/19,3994.11,4464.3017578125
3/26/19,3935.89,4457.8525390625
3/27/19,3947.74,4430.8310546875
3/28/19,4048.51,4413.4384765625
3/29/19,4037.37,4442.53369140625
3/30/19,4115.55,4467.45703125
3/31/19,4114.44,4512.2509765625
4/1/19,4114.16,4544.82470703125
4/2/19,4152.53,4562.62939453125
4/3/19,4882.88,4584.994140625
4/4/19,4959.81,4879.8564453125
4/5/19,4911.24,5159.32763671875
4/6/19,5028.77,5313.93408203125
4/7/19,5053.52,5428.8037109375
4/8/19,5189.39,5500.12255859375
4/9/19,5268.71,5587.7626953125
4/10/19,5175.81,5676.52783203125
4/11/19,5310.18,5694.66015625
4/12/19,5035.02,5744.20849609375
4/13/19,5072.85,5671.32177734375
4/14/19,5064.62,5615.3564453125
4/15/19,5152.51,5579.92431640625
4/16/19,5036.18,5596.84814453125
4/17/19,5196.65,5572.25732421875
4/18/19,5220.37,5611.8701171875
4/19/19,5276.31,5658.93505859375
4/20/19,5277.04,5711.87109375
4/21/19,5309.28,5745.7509765625
4/22/19,5281.83,5775.00146484375
4/23/19,5377.19,5780.4501953125
4/24/19,5518.16,5816.4072265625
4/25/19,5434.19,5901.09326171875
4/26/19,5195.61,5929.83349609375
4/27/19,5292.83,5840.24267578125
4/28/19,5280.19,5798.80615234375
4/29/19,5301.29,5777.17333984375
4/30/19,5260.65,5776.57666015625
5/1/19,5269.79,5764.6552734375
5/2/19,5326.67,5758.80859375
5/3/19,5390.16,5779.12841796875
5/4/19,5657.14,5822.55322265625
5/5/19,5771.08,5961.57958984375
5/6/19,5717.66,6113.72021484375
5/7/19,5684.47,6188.7509765625
5/8/19,5755.72,6204.93408203125
5/9/19,5936.72,6230.63818359375
5/10/19,6146.91,6321.2421875
5/11/19,6348.02,6476.04248046875
5/12/19,7248.31,6667.1884765625
5/13/19,6978.63,7168.17138671875
5/14/19,7823.11,7420.40185546875
5/15/19,7992.69,7885.19677734375
5/16/19,8206.9,8275.171875
5/17/19,7885.96,8583.8505859375
5/18/19,7362.22,8602.66796875
5/19/19,7265.05,8326.1787109375
5/20/19,8193.7,8067.56689453125
5/21/19,8007.03,8323.7890625
5/22/19,7952.5,8486.052734375
5/23/19,7625.93,8543.330078125
5/24/19,7880.29,8411.4375
5/25/19,8003.26,8410.9716796875
5/26/19,8071.45,8485.224609375
5/27/19,8744.42,8571.5615234375
5/28/19,8770.06,8924.9853515625
5/29/19,8719.88,9188.3583984375
5/30/19,8662.98,9300.365234375
5/31/19,8272.46,9308.64453125
6/1/19,8553.81,9113.9853515625
6/2/19,8554.8,9094.1337890625
6/3/19,8739.03,9110.83203125
6/4/19,8134.92,9211.98828125
6/5/19,7675.8,9009.876953125
6/6/19,7786.04,8637.6640625
6/7/19,7803.23,8441.83203125
6/8/19,7998.29,8364.603515625
6/9/19,7931.34,8428.85546875
6/10/19,7640.61,8463.3125
6/11/19,8020.38,8350.3916015625
6/12/19,7917.58,8426.1318359375
6/13/19,8173.06,8456.494140625
6/14/19,8237.88,8580.822265625
6/15/19,8693.6,8698.40625
6/16/19,8859.47,8971.0244140625
6/17/19,8978.99,9231.34765625
6/18/19,9327.48,9433.7412109375
6/19/19,9076.18,9699.0078125
6/20/19,9281.7,9741.7490234375
6/21/19,9531.35,9823.25
6/22/19,10209.38,9990.029296875
6/23/19,10668.63,10418.3876953125
6/24/19,10814.48,10922.8583984375
6/25/19,11017.5,11285.66015625
6/26/19,11766.4,11558.0380859375
6/27/19,12932.55,12059.5576171875
6/28/19,11132.85,12955.296875
6/29/19,12374.35,12556.1025390625
6/30/19,11890.38,12798.05078125
7/1/19,10737.73,12752.0029296875
7/2/19,10578.72,12101.6083984375
7/3/19,10805.4,11601.0234375
7/4/19,11984.76,11463.501953125
7/5/19,11160.49,12031.8232421875
7/6/19,10955.16,12026.7587890625
7/7/19,11232.04,11841.0888671875
7/8/19,11477.01,11846.650390625
7/9/19,12313.08,11994.2587890625
7/10/19,12586.78,12517.1513671875
7/11/19,12099.9,12989.2724609375
7/12/19,11352.87,12973.5576171875
7/13/19,11803.97,12507.9208984375
7/14/19,11389.1,12432.4658203125
7/15/19,10186.96,12230.73046875
7/16/19,10873.5,11508.88671875
7/17/19,9397.72,11401.0087890625
7/18/19,9674.28,10702.7685546875
7/19/19,10638.56,10385.6044921875
7/20/19,10535.75,10727.4443359375
7/21/19,10764.9,10972.74609375
7/22/19,10587.41,11210.6494140625
7/23/19,10323.62,11249.2158203125
7/24/19,9844.3,11107.7958984375
7/25/19,9772.17,10768.46484375
7/26/19,9875.17,10519.5703125
7/27/19,9848.65,10446.796875
7/28/19,9473.99,10424.9296875
7/29/19,9530.0,10247.08984375
7/30/19,9501.33,10154.5322265625
7/31/19,9589.13,10103.564453125
8/1/19,10084.7,10125.6337890625
8/2/19,10407.17,10386.7783203125
8/3/19,10529.55,10727.201171875
8/4/19,10814.57,10989.3642578125
8/5/19,10980.23,11259.44921875
8/6/19,11787.99,11487.0517578125
8/7/19,11465.67,12004.810546875
8/8/19,11960.82,12162.6455078125
8/9/19,11996.41,12444.0673828125
8/10/19,11856.64,12624.5205078125
8/11/19,11282.22,12631.6962890625
8/12/19,11566.84,12315.44140625
8/13/19,11386.26,12249.0166015625
8/14/19,10858.12,12154.4130859375
8/15/19,10016.96,11836.6005859375
8/16/19,10302.17,11220.7978515625
8/17/19,10359.44,10989.443359375
8/18/19,10214.52,10943.98828125
8/19/19,10317.6,10879.646484375
8/20/19,10917.26,10893.568359375
8/21/19,10760.56,11204.8203125
8/22/19,10129.4,11342.033203125
8/23/19,10111.98,11080.1982421875
8/24/19,10405.81,10868.7197265625
8/25/19,10143.8,10900.4619140625
8/26/19,10135.06,10828.8671875
8/27/19,10360.28,10774.306640625
8/28/19,10171.95,10857.541015625
8/29/19,9717.82,10834.544921875
8/30/19,9484.55,10589.0546875
8/31/19,9577.99,10310.2255859375
9/1/19,9600.9,10195.5322265625
9/2/19,9769.79,10169.58203125
9/3/19,10386.64,10252.6103515625
9/4/19,10621.29,10613.3251953125
9/5/19,10584.16,10973.341796875
9/6/19,10577.8,11154.115234375
9/7/19,10317.47,11219.3388671875
9/8/19,10487.21,11106.1328125
9/9/19,10406.31,11098.9462890625
9/10/19,10313.66,11070.451171875
9/11/19,10101.03,11008.4990234375
9/12/19,10159.32,10867.55078125
9/13/19,10420.16,10807.896484375
9/14/19,10363.9,10914.1162109375
9/15/19,10361.33,10971.28515625
9/16/19,10310.43,10994.818359375
9/17/19,10265.63,10976.47265625
9/18/19,10190.36,10936.9365234375
9/19/19,10157.59,10874.451171875
9/20/19,10275.88,10820.41015625
9/21/19,10173.11,10849.2607421875
9/22/19,9979.49,10828.146484375
9/23/19,10033.05,10716.2392578125
9/24/19,9683.38,10666.7978515625
9/25/19,8553.61,10480.7890625
9/26/19,8432.23,9824.6748046875
9/27/19,8055.64,9336.3046875
9/28/19,8193.9,8913.5439453125
9/29/19,8225.0,8749.7666015625
9/30/19,8056.74,8715.9345703125
10/1/19,8307.74,8647.7431640625
10/2/19,8322.92,8718.033203125
10/3/19,8382.03,8790.048828125
10/4/19,8236.17,8860.0185546875
10/5/19,8155.48,8834.4462890625
10/6/19,8147.69,8767.328125
10/7/19,7869.74,8718.2265625
10/8/19,8212.02,8569.7919921875
10/9/19,8190.0,8621.8857421875
10/10/19,8587.92,8678.7119140625
10/11/19,8586.9,8895.05859375
10/12/19,8269.73,9049.42578125
10/13/19,8308.01,8985.1845703125
10/14/19,8283.76,8927.654296875
10/15/19,8353.54,8883.169921875
10/16/19,8162.16,8891.724609375
10/17/19,8002.51,8820.392578125
10/18/19,8076.78,8695.1328125
10/19/19,7954.15,8646.8779296875
10/20/19,7960.04,8577.583984375
10/21/19,8231.06,8537.533203125
10/22/19,8222.52,8640.63671875
10/23/19,8026.76,8722.3408203125
10/24/19,7469.56,8679.076171875
10/25/19,7431.88,8383.8154296875
10/26/19,8666.79,8151.81396484375
10/27/19,9259.8,8571.84375
10/28/19,9551.54,9207.19140625
10/29/19,9218.76,9754.904296875
10/30/19,9433.35,9895.5498046875
10/31/19,9164.62,10000.861328125
11/1/19,9147.98,9921.900390625
11/2/19,9252.99,9837.5869140625
11/3/19,9301.18,9836.912109375
11/4/19,9206.16,9873.3251953125
11/5/19,9418.05,9856.8857421875
11/6/19,9310.19,9938.734375
11/7/19,9343.34,9949.37109375
11/8/19,9204.24,9959.0048828125
11/9/19,8766.04,9897.20703125
11/10/19,8809.41,9645.5263671875
11/11/19,9037.12,9492.333984375
11/12/19,8717.81,9524.802734375
11/13/19,8801.52,9427.099609375
11/14/19,8762.42,9390.5263671875
11/15/19,8632.32,9360.767578125
11/16/19,8457.69,9285.4990234375
11/17/19,8482.7,9155.2880859375
11/18/19,8503.93,9083.0400390625
11/19/19,8175.99,9061.0244140625
11/20/19,8120.8,8909.3369140625
11/21/19,8081.81,8776.939453125
11/22/19,7617.07,8686.3857421875
11/23/19,7286.35,8435.0888671875
11/24/19,7324.03,8118.2138671875
11/25/19,6907.4,7939.09912109375
11/26/19,7130.25,7678.46484375
11/27/19,7163.63,7609.4580078125
11/28/19,7523.83,7618.9267578125
11/29/19,7431.0,7797.88525390625
11/30/19,7757.47,7897.1201171875
12/1/19,7557.72,8085.16552734375
12/2/19,7402.69,8124.1572265625
12/3/19,7309.59,8052.15673828125
12/4/19,7296.77,7948.2236328125
12/5/19,7192.85,7875.541015625
12/6/19,7395.97,7794.24853515625
12/7/19,7547.19,7834.4951171875
12/8/19,7504.83,7947.8662109375
12/9/19,7522.39,8011.83984375
12/10/19,7337.42,8049.17333984375
12/11/19,7220.76,7985.11767578125
12/12/19,7202.31,7877.89111328125
12/13/19,7189.16,7798.14892578125
12/14/19,7251.87,7750.30908203125
12/15/19,7067.74,7755.70068359375
12/16/19,7111.14,7689.98681640625
12/17/19,6879.54,7657.51513671875
12/18/19,6612.12,7544.58544921875
12/19/19,7284.29,7349.02587890625
12/20/19,7150.86,7503.7431640625
12/21/19,7190.17,7604.94970703125
12/22/19,7143.2,7674.89599609375
12/23/19,7514.41,7690.02783203125
12/24/19,7322.08,7848.57421875
12/25/19,7250.69,7885.0439453125
12/26/19,7192.72,7853.5615234375
12/27/19,7194.4,7796.34375
12/28/19,7243.93,7758.01611328125
12/29/19,7301.07,7760.345703125
12/30/19,7385.36,7794.603515625
12/31/19,7219.6,7858.08740234375
1/1/20,7168.31,7829.56640625
1/2/20,7175.68,7773.72607421875
1/3/20,6944.33,7738.025390625
1/4/20,7326.35,7620.56103515625
1/5/20,7347.89,7700.55419921875
1/6/20,7351.57,7793.78515625
1/7/20,7759.24,7854.59619140625
1/8/20,8165.47,8062.072265625
1/9/20,8042.65,8390.1484375
1/10/20,7817.92,8550.708984375
1/11/20,8184.66,8513.0830078125
1/12/20,8021.49,8616.2529296875
1/13/20,8173.97,8625.9921875
1/14/20,8105.24,8683.654296875
1/15/20,8842.42,8694.0439453125
1/16/20,8813.89,9023.7529296875
1/17/20,8722.03,9257.8125
1/18/20,8900.34,9334.34375
1/19/20,8910.85,9430.1962890625
1/20/20,8703.36,9489.76171875
1/21/20,8626.47,9420.3984375
1/22/20,8722.26,9322.779296875
1/23/20,8658.94,9304.6962890625
1/24/20,8388.11,9278.1064453125
1/25/20,8428.17,9138.3076171875
1/26/20,8327.36,9057.501953125
1/27/20,8588.42,8974.1845703125
1/28/20,8895.78,9044.3798828125
1/29/20,9385.69,9250.861328125
1/30/20,9279.81,9619.1875
1/31/20,9502.37,9807.677734375
2/1/20,9333.77,9986.60546875
2/2/20,9378.09,10002.6318359375
2/3/20,9314.56,10003.4189453125
2/4/20,9162.14,9969.2392578125
2/5/20,9162.14,9872.66796875
2/6/20,9614.9,9808.5859375
2/7/20,9755.66,9989.7724609375
2/8/20,9807.54,10198.9541015625
2/9/20,9907.12,10346.7705078125
2/10/20,10162.41,10465.4130859375
2/11/20,9854.79,10646.2314453125
2/12/20,10275.38,10605.931640625
2/13/20,10354.3,10749.69140625
2/14/20,10242.43,10892.931640625
2/15/20,10368.53,10917.2509765625
2/16/20,9904.17,10972.2275390625
2/17/20,9937.67,10779.7744140625
2/18/20,9703.93,10652.78515625
2/19/20,10180.65,10478.703125
2/20/20,9604.72,10604.6396484375
2/21/20,9606.86,10444.3759765625
2/22/20,9696.58,10315.4150390625
2/23/20,9669.63,10288.9072265625
2/24/20,9989.39,10277.169921875
2/25/20,9663.75,10425.9111328125
2/26/20,9309.15,10378.228515625
2/27/20,8785.52,10153.4228515625
2/28/20,8804.72,9753.9130859375
2/29/20,8712.35,9512.0849609375
3/1/20,8534.17,9358.1181640625
3/2/20,8912.82,9206.7734375
3/3/20,8912.82,9297.560546875
3/4/20,8754.34,9391.4912109375
3/5/20,8758.9,9375.3798828125
3/6/20,9067.39,9350.24609375
3/7/20,9155.89,9475.5439453125
3/8/20,8898.63,9613.154296875
3/9/20,8039.38,9575.4248046875
3/10/20,7931.94,9131.2041015625
3/11/20,7885.46,8765.2607421875
3/12/20,7936.65,8546.060546875
3/13/20,4830.21,8469.873046875
3/14/20,5609.03,7107.15283203125
3/15/20,5166.26,6432.173828125
3/16/20,5348.44,5954.3349609375
3/17/20,5026.35,5780.169921875
3/18/20,5357.61,5608.77783203125
3/19/20,5410.23,5640.908203125
3/20/20,6195.2,5726.01220703125
3/21/20,6226.44,6109.41748046875
3/22/20,6189.85,6423.94677734375
3/23/20,5822.62,6588.9873046875
3/24/20,6502.16,6506.56787109375
3/25/20,6768.49,6686.4375
3/26/20,6698.46,6959.45703125
3/27/20,6763.75,7117.125
3/28/20,6369.09,7218.99658203125
3/29/20,6260.95,7103.0654296875
3/30/20,5885.41,6947.07275390625
3/31/20,6405.29,6689.0068359375
4/1/20,6428.28,6729.9072265625
4/2/20,6652.87,6823.48681640625
4/3/20,6809.11,6987.80224609375
4/4/20,6741.67,7167.9443359375
4/5/20,6871.69,7250.91162109375
4/6/20,6777.44,7335.74951171875
4/7/20,7343.2,7344.70166015625
4/8/20,7205.55,7575.673828125
4/9/20,7365.03,7695.841796875
4/10/20,7293.69,7815.5595703125
4/11/20,6873.24,7853.9267578125
4/12/20,6891.6,7678.81298828125
4/13/20,6915.37,7542.8251953125
4/14/20,6857.66,7477.71630859375
4/15/20,6871.95,7427.931640625
4/16/20,6623.8,7408.22216796875
4/17/20,7112.27,7296.93701171875
4/18/20,7034.89,7421.2275390625
4/19/20,7259.36,7506.490234375
4/20/20,7130.04,7647.47021484375
4/21/20,6840.24,7685.287109375
4/22/20,6852.52,7563.1162109375
4/23/20,7130.99,7464.65234375
4/24/20,7477.6,7527.96435546875
4/25/20,7507.08,7745.7294921875
4/26/20,7549.52,7918.92333984375
4/27/20,7699.27,8032.48828125
4/28/20,7790.66,8152.82080078125
4/29/20,7765.33,8263.4970703125
4/30/20,8777.63,8314.4697265625
5/1/20,8628.77,8782.953125
5/2/20,8824.66,9064.998046875
5/3/20,8973.82,9284.564453125
5/4/20,8903.95,9464.5263671875
5/5/20,8885.93,9525.2021484375
5/6/20,9030.96,9528.7119140625
5/7/20,9170.79,9585.7333984375
5/8/20,10002.48,9690.42578125
5/9/20,9821.8,10146.4375
5/10/20,9527.39,10376.71875
5/11/20,8754.46,10327.8681640625
5/12/20,8617.25,9887.689453125
5/13/20,8814.53,9514.0078125
5/14/20,9305.93,9401.1123046875
5/15/20,9790.31,9607.09765625
5/16/20,9303.59,10006.857421875
5/17/20,9385.7,10038.1552734375
5/18/20,9669.4,10032.8564453125
5/19/20,9719.37,10151.71484375
5/20/20,9785.74,10259.1318359375
5/21/20,9510.67,10347.95703125
5/22/20,9057.57,10262.4130859375
5/23/20,9167.26,9972.7490234375
5/24/20,9178.32,9829.546875
5/25/20,8730.73,9776.56640625
5/26/20,8899.66,9555.470703125
5/27/20,8842.85,9484.01953125
5/28/20,9197.54,9441.078125
5/29/20,9569.21,9586.9931640625
5/30/20,9425.98,9875.0341796875
5/31/20,9698.1,9995.3212890625
6/1/20,9450.84,10162.9560546875
6/2/20,10204.23,10144.6298828125
6/3/20,9525.57,10460.61328125
6/4/20,9658.04,10364.71484375
6/5/20,9794.56,10311.1826171875
6/6/20,9623.75,10350.015625
6/7/20,9670.43,10305.4716796875
6/8/20,9753.85,10291.107421875
6/9/20,9782.59,10327.328125
6/10/20,9775.15,10369.4404296875
6/11/20,9892.13,10390.37109375
6/12/20,9286.42,10453.880859375
6/13/20,9459.97,10206.5703125
6/14/20,9473.5,10103.0185546875
6/15/20,9330.07,10071.521484375
6/16/20,9426.7,9999.119140625
6/17/20,9526.0,9998.693359375
6/18/20,9454.81,10056.619140625
6/19/20,9380.03,10065.3515625
6/20/20,9300.15,10027.30859375
6/21/20,9357.43,9960.3056640625
6/22/20,9284.78,9944.5634765625
6/23/20,9691.9,9909.8603515625
6/24/20,9621.49,10079.5615234375
6/25/20,9276.58,10174.962890625
6/26/20,9240.85,10054.9443359375
6/27/20,9154.45,9936.2958984375
6/28/20,9004.23,9828.0625
6/29/20,9127.47,9699.5712890625
6/30/20,9185.35,9682.5498046875
7/1/20,9133.97,9718.919921875
7/2/20,9236.38,9725.970703125
7/3/20,9087.98,9773.68359375
7/4/20,9072.42,9737.796875
7/5/20,9131.31,9696.8291015625
7/6/20,9089.09,9699.576171875
7/7/20,9348.91,9688.7294921875
7/8/20,9256.23,9802.0849609375
7/9/20,9440.07,9843.361328125
7/10/20,9238.04,9941.8330078125
7/11/20,9287.4,9911.0830078125
7/12/20,9235.96,9896.1162109375
7/13/20,9295.9,9865.14453125
7/14/20,9238.13,9873.4326171875
7/15/20,9254.52,9857.6455078125
7/16/20,9193.51,9853.1640625
7/17/20,9131.0,9823.9892578125
7/18/20,9154.19,9774.59765625
7/19/20,9174.71,9754.23046875
7/20/20,9214.66,9756.958984375
7/21/20,9163.87,9781.1962890625
7/22/20,9392.66,9774.8564453125
7/23/20,9537.4,9873.1865234375
7/24/20,9613.11,10013.1455078125
7/25/20,9551.28,10134.58984375
7/26/20,9707.5,10169.8994140625
7/27/20,9938.83,10248.576171875
7/28/20,11042.4,10407.955078125
7/29/20,10934.94,11041.166015625
7/30/20,11102.67,11415.8330078125
7/31/20,11114.93,11662.2392578125
8/1/20,11343.88,11775.947265625
8/2/20,11823.69,11926.9619140625
8/3/20,11077.77,12251.8857421875
8/4/20,11242.57,12070.8701171875
8/5/20,11194.25,11985.873046875
8/6/20,11750.28,11925.3486328125
8/7/20,11772.94,12177.0
8/8/20,11605.6,12366.6982421875
8/9/20,11767.6,12372.8544921875
8/10/20,11684.06,12429.2392578125
8/11/20,11893.03,12418.3212890625
8/12/20,11392.43,12507.521484375
8/13/20,11573.11,12309.353515625
8/14/20,11777.43,12257.1044921875
8/15/20,11774.38,12350.4619140625
8/16/20,11873.98,12418.560546875
8/17/20,11914.01,12501.9560546875
8/18/20,12293.72,12566.62890625
8/19/20,11969.53,12791.951171875
8/20/20,11734.0,12761.8623046875
8/21/20,11865.82,12589.3720703125
8/22/20,11522.8,12545.416015625
8/23/20,11683.44,12362.74609375
8/24/20,11653.02,12332.2998046875
8/25/20,11763.93,12321.4130859375
8/26/20,11337.4,12376.8095703125
8/27/20,11467.37,12197.8017578125
8/28/20,11302.01,12137.9267578125
8/29/20,11534.75,12037.0732421875
8/30/20,11481.64,12097.0146484375
8/31/20,11707.78,12124.5009765625
9/1/20,11659.57,12250.7490234375
9/2/20,11923.25,12306.3271484375
9/3/20,11397.44,12460.6005859375
9/4/20,10187.51,12285.46484375
9/5/20,10467.89,11540.4267578125
9/6/20,10159.62,11209.4169921875
9/7/20,10254.93,10935.5546875
9/8/20,10367.74,10848.9404296875
9/9/20,10121.52,10888.13671875
9/10/20,10227.83,10812.4794921875
9/11/20,10352.66,10807.4833984375
9/12/20,10395.44,10875.2138671875
9/13/20,10446.44,10944.7080078125
9/14/20,10330.77,11008.53125
9/15/20,10674.64,10986.3544921875
9/16/20,10785.62,11129.6728515625
9/17/20,10948.43,11287.638671875
9/18/20,10943.89,11458.0712890625
9/19/20,10931.79,11550.4794921875
9/20/20,11081.43,11582.76953125
9/21/20,10919.65,11665.1650390625
9/22/20,10430.46,11635.8798828125
9/23/20,10532.22,11362.255859375
9/24/20,10234.48,11230.447265625
9/25/20,10732.43,11033.0830078125
9/26/20,10692.84,11162.3984375
9/27/20,10732.4,11262.65234375
9/28/20,10774.24,11334.857421875
9/29/20,10692.33,11389.2255859375
9/30/20,10840.8,11373.6669921875
10/1/20,10777.92,11426.671875
10/2/20,10619.24,11432.8330078125
10/3/20,10575.06,11350.89453125
10/4/20,10551.77,11271.70703125
10/5/20,10673.46,11217.59375
10/6/20,10788.56,11252.4736328125
10/7/20,10603.74,11342.185546875
10/8/20,10670.8,11308.794921875
10/9/20,10923.3,11305.8984375
10/10/20,11063.19,11432.2060546875
10/11/20,11302.67,11589.001953125
10/12/20,11376.61,11797.953125
10/13/20,11540.04,11954.0673828125
10/14/20,11428.24,12110.8427734375
10/15/20,11431.32,12135.5732421875
10/16/20,11503.73,12129.890625
10/17/20,11327.57,12157.43359375
10/18/20,11366.51,12086.931640625
10/19/20,11508.2,12055.837890625
10/20/20,11758.16,12115.8671875
10/21/20,11925.46,12287.548828125
10/22/20,12831.56,12479.59375
10/23/20,12990.25,13050.8623046875
10/24/20,12944.52,13484.5185546875
10/25/20,13128.46,13662.0380859375
10/26/20,13036.77,13809.2529296875
10/27/20,13076.37,13824.5244140625
10/28/20,13651.47,13833.365234375
10/29/20,13289.0,14143.884765625
10/30/20,13458.66,14141.6298828125
10/31/20,13564.72,14193.11328125
11/1/20,13810.32,14278.5830078125
11/2/20,13758.88,14456.8193359375
11/3/20,13575.17,14526.0244140625
11/4/20,14023.31,14443.576171875
11/5/20,14155.59,14625.7041015625
11/6/20,15591.39,14816.6513671875
11/7/20,15595.77,15712.6572265625
11/8/20,14839.84,16234.55859375
11/9/20,15490.6,15999.42578125
11/10/20,15328.53,16166.0791015625
11/11/20,15317.04,16186.447265625
11/12/20,15708.65,16173.6201171875
11/13/20,16295.57,16388.3203125
11/14/20,16339.33,16853.876953125
11/15/20,16091.07,17120.77734375
11/16/20,15968.16,17070.001953125
11/17/20,16725.15,16933.798828125
11/18/20,17679.72,17304.67578125
11/19/20,17798.45,18096.005859375
11/20/20,17820.57,18565.23046875
11/21/20,18687.45,18744.224609375
11/22/20,18699.75,19320.716796875
11/23/20,18422.28,19602.40625
11/24/20,18398.91,19511.388671875
11/25/20,19172.52,19418.541015625
11/26/20,18739.8,19866.078125
11/27/20,17151.44,19818.87890625
11/28/20,17138.87,18750.748046875
11/29/20,17732.42,18216.96875
11/30/20,18191.6,18393.818359375
12/1/20,19709.73,18820.4609375
12/2/20,18792.52,19985.63671875
12/3/20,19226.97,19947.583984375
12/4/20,19454.54,20091.7421875
12/5/20,18670.49,20294.986328125
12/6/20,19155.06,19870.890625
12/7/20,19377.66,19960.484375
12/8/20,19181.41,20181.5
12/9/20,18318.87,20159.25
12/10/20,18554.15,19576.1015625
12/11/20,18247.76,19445.26953125
12/12/20,18029.36,19231.103515625
12/13/20,18803.44,19001.765625
12/14/20,19164.48,19393.44140625
12/15/20,19276.59,19838.953125
12/16/20,19439.75,20098.453125
12/17/20,21379.48,20286.720703125
12/18/20,22847.46,21622.095703125
12/19/20,23150.79,23242.7265625
12/20/20,23869.92,24084.787109375
12/21/20,23490.58,24816.560546875
12/22/20,22745.48,24770.443359375
12/23/20,23824.99,24164.5
12/24/20,23253.37,24705.876953125
12/25/20,23715.53,24549.236328125
12/26/20,24693.58,24792.77734375
12/27/20,26443.21,25599.00390625
12/28/20,26246.58,27182.75390625
12/29/20,27036.69,27551.388671875
12/30/20,27376.37,28164.87109375
12/31/20,28856.59,28585.587890625
1/1/21,28982.56,29839.23046875
1/2/21,29393.75,30294.794921875
1/3/21,32195.46,30686.36328125
1/4/21,33000.78,33070.9453125
1/5/21,32035.03,34359.33203125
1/6/21,34046.67,33702.63671875
1/7/21,36860.41,35230.0
1/8/21,39486.04,38056.59375
1/9/21,40670.25,40917.28125
1/10/21,40240.72,42310.19921875
1/11/21,38240.09,41894.21875
1/12/21,35544.94,39856.875
1/13/21,34011.82,37159.9375
1/14/21,37393.13,35554.484375
1/15/21,39158.47,38507.1484375
1/16/21,36828.52,40550.015625
1/17/21,36065.2,38411.4296875
1/18/21,35793.01,37347.17578125
1/19/21,36632.35,36978.05859375
1/20/21,36020.13,37717.4609375
1/21/21,35538.98,37232.9296875
1/22/21,30797.88,36693.11328125
1/23/21,33002.38,32339.060546875
1/24/21,32099.74,33678.83984375
1/25/21,32276.84,33215.9453125
1/26/21,32243.26,33255.046875
1/27/21,32541.8,33222.1484375
1/28/21,30419.17,33458.953125
1/29/21,33403.17,31663.70703125
1/30/21,34314.26,33869.22265625
1/31/21,34318.1,35197.6953125
2/1/21,33136.46,35396.0703125
2/2/21,33522.9,34336.8828125
2/3/21,35529.66,34508.859375
2/4/21,37676.25,36387.3203125
2/5/21,37002.09,38688.89453125
2/6/21,38278.61,38359.43359375
2/7/21,39323.26,39431.875
2/8/21,38928.1,40556.4765625
2/9/21,46364.3,40274.5
2/10/21,46589.58,47447.9765625
2/11/21,44878.17,48174.80859375
2/12/21,48013.38,46155.7265625
2/13/21,47471.4,49365.31640625
2/14/21,47185.19,48784.8515625
2/15/21,48720.37,48419.8125
2/16/21,47951.85,50046.47265625
2/17/21,49160.1,49121.3671875
2/18/21,52118.23,50380.109375
2/19/21,51608.15,53440.6796875
2/20/21,55916.5,52549.34375
2/21/21,56001.2,57204.3046875
2/22/21,57487.86,56738.0390625
2/23/21,54123.4,58288.36328125
2/24/21,48880.43,54201.3671875
2/25/21,50624.84,48973.29296875
2/26/21,46800.42,51750.03125
2/27/21,46340.31,47462.578125
2/28/21,46155.87,47312.4140625
3/1/21,45113.92,47189.73828125
3/2/21,49618.43,46078.58203125
3/3/21,48356.04,50792.39453125
3/4/21,50477.7,49222.09375
3/5/21,48448.91,51419.2578125
3/6/21,48861.38,49090.22265625
3/7/21,48881.59,49682.78125
3/8/21,51169.7,49737.51953125
3/9/21,52299.33,52196.1875
3/10/21,54881.52,53213.85546875
3/11/21,55997.23,55854.2734375
3/12/21,57764.0,56731.40625
3/13/21,57253.28,58495.96875
3/14/21,61258.73,57601.73046875
3/15/21,59133.47,62263.4453125
3/16/21,55754.72,58987.74609375
3/17/21,56872.38,55588.5078125
3/18/21,58913.0,57635.87890625
3/19/21,57665.9,59739.90625
3/20/21,58075.1,57844.9453125
3/21/21,58085.8,58565.60546875
3/22/21,57411.17,58488.8515625
3/23/21,54204.96,57706.76953125
3/24/21,54477.46,54197.80859375
3/25/21,52508.23,55176.38671875
3/26/21,51415.92,52946.609375
3/27/21,55074.47,52057.8828125
3/28/21,55863.93,56271.2578125
3/29/21,55783.71,56618.24609375
3/30/21,57627.67,56301.83984375
3/31/21,58730.13,58379.54296875
4/1/21,58735.25,59295.046875
4/2/21,58736.92,59065.60546875
4/3/21,59031.32,59074.33984375
4/4/21,57076.49,59424.328125
4/5/21,58206.55,57110.8984375
4/6/21,59054.1,58852.4375
4/7/21,58020.46,59583.65234375
4/8/21,55947.27,58188.265625
4/9/21,58048.59,56042.046875
4/10/21,58102.58,58889.59765625
4/11/21,59774.0,58528.1328125
4/12/21,59964.87,60406.8125
4/13/21,59834.74,60258.7265625
4/14/21,63554.44,60062.27734375
4/15/21,62969.12,64409.8515625
4/16/21,63252.63,62812.40234375
4/17/21,61455.98,63338.71875
4/18/21,60087.09,61139.90625
4/19/21,56251.48,60047.91796875
4/20/21,55703.14,55927.74609375
4/21/21,56507.91,56239.4453125
4/22/21,53808.8,57262.88671875
4/23/21,51731.71,54016.48828125
4/24/21,51153.13,52195.66796875
4/25/21,50110.53,51924.6796875
4/26/21,49075.58,50882.3515625
4/27/21,54056.64,49885.16796875
4/28/21,55071.46,55387.85546875
4/29/21,54884.1,55943.18359375
4/30/21,53584.15,55438.23828125
5/1/21,57796.62,53994.70703125
5/2/21,57857.5,58925.78125
5/3/21,56610.46,58316.2109375
5/4/21,57213.33,56827.07421875
5/5/21,53241.72,57779.484375
5/6/21,57473.23,53154.76953125
5/7/21,56428.16,58689.21875
5/8/21,57380.27,56785.65234375
5/9/21,58928.81,57996.2734375
5/10/21,58280.73,59574.77734375
5/11/21,55883.5,58494.59375
5/12/21,56750.0,55889.265625
5/13/21,49007.09,57409.56640625
5/14/21,49702.27,48512.93359375
5/15/21,49922.52,50684.6015625
5/16/21,46736.58,50938.84765625
5/17/21,46441.64,47421.7734375
5/18/21,43596.24,47387.79296875
5/19/21,42912.19,44473.01171875
5/20/21,36964.27,43906.63671875
5/21/21,40784.32,38013.70703125
5/22/21,37280.35,41683.953125
5/23/21,37528.3,38521.203125
5/24/21,34754.54,38495.125
5/25/21,38728.59,35886.44921875
5/26/21,38410.5,39325.3046875
5/27/21,39266.04,39422.94140625
5/28/21,38445.29,40133.453125
5/29/21,35689.62,39376.1640625
5/30/21,34647.67,36698.5859375
5/31/21,35684.59,35557.51171875
6/1/21,37310.54,36477.4765625
6/2/21,36662.64,38155.04296875
6/3/21,37585.24,37748.1015625
6/4/21,39188.59,38509.59375
6/5/21,36885.51,40114.10546875
6/6/21,35530.38,38086.28125
6/7/21,35816.17,36615.80078125
6/8/21,33514.87,36802.296875
6/9/21,33450.19,34786.3671875
6/10/21,37338.36,34484.35546875
6/11/21,36704.57,37995.0390625
6/12/21,37313.18,37956.82421875
6/13/21,35494.9,38383.83984375
6/14/21,39066.82,36718.52734375
6/15/21,40525.8,39837.953125
6/16/21,40188.56,41663.33984375
6/17/21,38324.87,41427.2890625
6/18/21,38068.04,39554.37109375
6/19/21,35729.82,39206.02734375
6/20/21,35524.17,37038.99609375
6/21/21,35592.35,36685.16015625
6/22/21,31686.55,36754.07421875
6/23/21,32447.59,33213.328125
6/24/21,33674.66,33380.51171875
6/25/21,34639.38,34535.90625
6/26/21,31640.58,35578.57421875
6/27/21,32160.91,33025.73828125
6/28/21,34644.45,33001.43359375
6/29/21,34456.67,35236.08984375
6/30/21,35847.7,35509.765625
7/1/21,35047.36,36739.7578125
7/2/21,33536.88,36203.1015625
7/3/21,33856.86,34742.32421875
7/4/21,34688.98,34852.6015625
7/5/21,35309.3,35687.15625
7/6/21,33747.97,36404.71484375
7/7/21,34211.01,35087.35546875
7/8/21,33839.04,35279.82421875
7/9/21,32877.41,35012.40625
7/10/21,33818.52,34114.35546875
7/11/21,33515.57,34804.015625
7/12/21,34227.64,34676.73828125
7/13/21,33158.25,35263.41015625
7/14/21,32686.56,34404.86328125
7/15/21,32814.61,33823.203125
7/16/21,31738.59,33856.953125
7/17/21,31421.25,32945.890625
7/18/21,31520.66,32505.935546875
7/19/21,31783.49,32530.8125
7/20/21,30815.94,32776.59375
7/21/21,29790.24,31995.90234375
7/22/21,32118.06,30953.962890625
7/23/21,32297.89,32714.828125
7/24/21,33581.63,33313.72265625
7/25/21,34279.34,34496.19140625
7/26/21,35365.2,35321.98828125
7/27/21,37318.14,36405.09765625
7/28/21,39405.95,38344.00390625
7/29/21,40002.53,40559.76171875
7/30/21,40005.93,41352.86328125
7/31/21,42214.15,41369.61328125
8/1/21,41659.06,43507.68359375
8/2/21,40000.46,43114.75390625
8/3/21,39193.94,41409.58984375
8/4/21,38138.0,40557.0078125
8/5/21,39750.14,39524.91796875
8/6/21,40882.0,41009.50390625
8/7/21,42825.95,42201.34375
8/8/21,44634.13,44093.6484375
8/9/21,43816.14,45893.4296875
8/10/21,46333.46,45001.4140625
8/11/21,45608.37,47481.0
8/12/21,45611.46,46736.8046875
8/13/21,44417.78,46696.546875
8/14/21,47833.98,45483.9453125
8/15/21,47112.19,49059.91796875
8/16/21,47056.41,48234.328125
8/17/21,45982.55,48094.140625
8/18/21,44648.57,46963.86328125
8/19/21,44777.86,45625.2265625
8/20/21,46734.65,45835.91796875
8/21/21,49327.75,47879.26953125
8/22/21,48932.02,50507.84765625
8/23/21,49335.68,49870.4609375
8/24/21,49523.5,50229.91015625
8/25/21,47744.58,50407.40625
8/26/21,48972.09,48488.94921875
8/27/21,46962.8,49962.14453125
8/28/21,49056.86,47773.90625
8/29/21,48897.65,50121.87890625
8/30/21,48806.78,49841.83203125
8/31/21,47074.77,49687.33984375
9/1/21,47155.87,47838.0234375
9/2/21,48862.76,48063.375
9/3/21,49329.01,49905.78125
9/4/21,50035.33,50278.48828125
9/5/21,49947.38,50938.0
9/6/21,51769.06,50760.51171875
9/7/21,52677.4,52722.234375
9/8/21,46809.17,53534.27734375
9/9/21,46078.38,46988.546875
9/10/21,46368.69,46907.20703125
